date,station,name,latitude,longitude,datatype,value
2020-01-23T00:00:00,GHCND:CHM00050353,"HUMA, CH",51.717,126.65,PRCP,0.5
2020-01-23T00:00:00,GHCND:CHM00050353,"HUMA, CH",51.717,126.65,SNWD,130.0
2020-01-23T00:00:00,GHCND:CHM00050353,"HUMA, CH",51.717,126.65,TAVG,-19.4
2020-01-23T00:00:00,GHCND:CHM00050353,"HUMA, CH",51.717,126.65,TMAX,-14.8
2020-01-23T00:00:00,GHCND:CHM00050353,"HUMA, CH",51.717,126.65,TMIN,-32.6
2020-01-23T00:00:00,GHCND:CHM00050434,"TULIHE, CH",50.45,121.7,PRCP,0.3
2020-01-23T00:00:00,GHCND:CHM00050434,"TULIHE, CH",50.45,121.7,TAVG,-27.6
2020-01-23T00:00:00,GHCND:CHM00050434,"TULIHE, CH",50.45,121.7,TMAX,-17.0
2020-01-23T00:00:00,GHCND:CHM00050434,"TULIHE, CH",50.45,121.7,TMIN,-39.1
2020-01-23T00:00:00,GHCND:CHM00050527,"HAILAR, CH",49.25,119.7,TAVG,-24.4
2020-01-23T00:00:00,GHCND:CHM00050527,"HAILAR, CH",49.25,119.7,TMAX,-13.0
2020-01-23T00:00:00,GHCND:CHM00050527,"HAILAR, CH",49.25,119.7,TMIN,-28.2
2020-01-23T00:00:00,GHCND:CHM00050557,"NENJIANG, CH",49.167,125.23299999999999,PRCP,0.3
2020-01-23T00:00:00,GHCND:CHM00050557,"NENJIANG, CH",49.167,125.23299999999999,TAVG,-16.5
2020-01-23T00:00:00,GHCND:CHM00050557,"NENJIANG, CH",49.167,125.23299999999999,TMAX,-11.0
2020-01-23T00:00:00,GHCND:CHM00050557,"NENJIANG, CH",49.167,125.23299999999999,TMIN,-27.6
2020-01-23T00:00:00,GHCND:CHM00050564,"SUNWU, CH",49.433,127.35,PRCP,0.0
2020-01-23T00:00:00,GHCND:CHM00050564,"SUNWU, CH",49.433,127.35,TAVG,-15.6
2020-01-23T00:00:00,GHCND:CHM00050564,"SUNWU, CH",49.433,127.35,TMAX,-11.2
2020-01-23T00:00:00,GHCND:CHM00050564,"SUNWU, CH",49.433,127.35,TMIN,-25.1
2020-01-23T00:00:00,GHCND:CHM00050632,"BUGT, CH",48.766999999999996,121.917,PRCP,0.5
2020-01-23T00:00:00,GHCND:CHM00050632,"BUGT, CH",48.766999999999996,121.917,TAVG,-20.2
2020-01-23T00:00:00,GHCND:CHM00050632,"BUGT, CH",48.766999999999996,121.917,TMAX,-11.7
2020-01-23T00:00:00,GHCND:CHM00050632,"BUGT, CH",48.766999999999996,121.917,TMIN,-24.7
2020-01-23T00:00:00,GHCND:CHM00050658,"KESHAN, CH",48.05,125.883,PRCP,0.0
2020-01-23T00:00:00,GHCND:CHM00050658,"KESHAN, CH",48.05,125.883,TAVG,-17.3
2020-01-23T00:00:00,GHCND:CHM00050658,"KESHAN, CH",48.05,125.883,TMAX,-12.0
2020-01-23T00:00:00,GHCND:CHM00050658,"KESHAN, CH",48.05,125.883,TMIN,-25.5
2020-01-23T00:00:00,GHCND:CHM00050727,"ARXAN, CH",47.167,119.93299999999999,PRCP,0.5
2020-01-23T00:00:00,GHCND:CHM00050727,"ARXAN, CH",47.167,119.93299999999999,TAVG,-24.6
2020-01-23T00:00:00,GHCND:CHM00050727,"ARXAN, CH",47.167,119.93299999999999,TMAX,-10.5
2020-01-23T00:00:00,GHCND:CHM00050727,"ARXAN, CH",47.167,119.93299999999999,TMIN,-31.3
2020-01-23T00:00:00,GHCND:CHM00050745,"QIQIHAR, CH",47.383,123.917,PRCP,0.0
2020-01-23T00:00:00,GHCND:CHM00050745,"QIQIHAR, CH",47.383,123.917,SNWD,150.0
2020-01-23T00:00:00,GHCND:CHM00050745,"QIQIHAR, CH",47.383,123.917,TAVG,-16.1
2020-01-23T00:00:00,GHCND:CHM00050745,"QIQIHAR, CH",47.383,123.917,TMAX,-8.1
2020-01-23T00:00:00,GHCND:CHM00050745,"QIQIHAR, CH",47.383,123.917,TMIN,-23.2
2020-01-23T00:00:00,GHCND:CHM00050756,"HAILUN, CH",47.433,126.96700000000001,PRCP,0.0
2020-01-23T00:00:00,GHCND:CHM00050756,"HAILUN, CH",47.433,126.96700000000001,TAVG,-16.7
2020-01-23T00:00:00,GHCND:CHM00050756,"HAILUN, CH",47.433,126.96700000000001,TMAX,-12.2
2020-01-23T00:00:00,GHCND:CHM00050756,"HAILUN, CH",47.433,126.96700000000001,TMIN,-22.7
2020-01-23T00:00:00,GHCND:CHM00050788,"FUJIN, CH",47.233000000000004,131.983,PRCP,80.0
2020-01-23T00:00:00,GHCND:CHM00050788,"FUJIN, CH",47.233000000000004,131.983,SNWD,79.0
2020-01-23T00:00:00,GHCND:CHM00050788,"FUJIN, CH",47.233000000000004,131.983,TAVG,-14.5
2020-01-23T00:00:00,GHCND:CHM00050788,"FUJIN, CH",47.233000000000004,131.983,TMAX,-8.1
2020-01-23T00:00:00,GHCND:CHM00050788,"FUJIN, CH",47.233000000000004,131.983,TMIN,-22.0
2020-01-23T00:00:00,GHCND:CHM00050854,"ANDA, CH",46.383,125.31700000000001,PRCP,0.0
2020-01-23T00:00:00,GHCND:CHM00050854,"ANDA, CH",46.383,125.31700000000001,SNWD,109.0
2020-01-23T00:00:00,GHCND:CHM00050854,"ANDA, CH",46.383,125.31700000000001,TAVG,-15.2
2020-01-23T00:00:00,GHCND:CHM00050854,"ANDA, CH",46.383,125.31700000000001,TMAX,-7.1
2020-01-23T00:00:00,GHCND:CHM00050854,"ANDA, CH",46.383,125.31700000000001,TMIN,-21.1
2020-01-23T00:00:00,GHCND:CHM00050915,"ULIASTAI, CH",45.516999999999996,116.96700000000001,PRCP,0.0
2020-01-23T00:00:00,GHCND:CHM00050915,"ULIASTAI, CH",45.516999999999996,116.96700000000001,TAVG,-19.3
2020-01-23T00:00:00,GHCND:CHM00050915,"ULIASTAI, CH",45.516999999999996,116.96700000000001,TMAX,-11.1
2020-01-23T00:00:00,GHCND:CHM00050915,"ULIASTAI, CH",45.516999999999996,116.96700000000001,TMIN,-25.3
2020-01-23T00:00:00,GHCND:CHM00050949,"QIAN GORLOS, CH",45.083,124.867,PRCP,0.0
2020-01-23T00:00:00,GHCND:CHM00050949,"QIAN GORLOS, CH",45.083,124.867,SNWD,150.0
2020-01-23T00:00:00,GHCND:CHM00050949,"QIAN GORLOS, CH",45.083,124.867,TAVG,-13.8
2020-01-23T00:00:00,GHCND:CHM00050949,"QIAN GORLOS, CH",45.083,124.867,TMAX,-5.9
2020-01-23T00:00:00,GHCND:CHM00050949,"QIAN GORLOS, CH",45.083,124.867,TMIN,-23.3
2020-01-23T00:00:00,GHCND:CHM00050953,"HARBIN, CH",45.75,126.76700000000001,PRCP,0.0
2020-01-23T00:00:00,GHCND:CHM00050953,"HARBIN, CH",45.75,126.76700000000001,SNWD,201.0
2020-01-23T00:00:00,GHCND:CHM00050953,"HARBIN, CH",45.75,126.76700000000001,TAVG,-15.1
2020-01-23T00:00:00,GHCND:CHM00050953,"HARBIN, CH",45.75,126.76700000000001,TMAX,-8.9
2020-01-23T00:00:00,GHCND:CHM00050953,"HARBIN, CH",45.75,126.76700000000001,TMIN,-21.5
2020-01-23T00:00:00,GHCND:CHM00050963,"TONGHE, CH",45.967,128.733,PRCP,0.0
2020-01-23T00:00:00,GHCND:CHM00050963,"TONGHE, CH",45.967,128.733,TAVG,-15.2
2020-01-23T00:00:00,GHCND:CHM00050963,"TONGHE, CH",45.967,128.733,TMIN,-22.1
2020-01-23T00:00:00,GHCND:CHM00050968,"SHANGZHI, CH",45.217,127.96700000000001,PRCP,0.3
2020-01-23T00:00:00,GHCND:CHM00050968,"SHANGZHI, CH",45.217,127.96700000000001,TAVG,-14.6
2020-01-23T00:00:00,GHCND:CHM00050968,"SHANGZHI, CH",45.217,127.96700000000001,TMAX,-2.5
2020-01-23T00:00:00,GHCND:CHM00050968,"SHANGZHI, CH",45.217,127.96700000000001,TMIN,-21.2
2020-01-23T00:00:00,GHCND:CHM00050978,"JIXI, CH",45.283,130.94899999999998,PRCP,0.0
2020-01-23T00:00:00,GHCND:CHM00050978,"JIXI, CH",45.283,130.94899999999998,TAVG,-11.1
2020-01-23T00:00:00,GHCND:CHM00050978,"JIXI, CH",45.283,130.94899999999998,TMAX,-1.3
2020-01-23T00:00:00,GHCND:CHM00050978,"JIXI, CH",45.283,130.94899999999998,TMIN,-17.4
2020-01-23T00:00:00,GHCND:CHM00051076,"ALTAY, CH",47.733000000000004,88.083,PRCP,0.3
2020-01-23T00:00:00,GHCND:CHM00051076,"ALTAY, CH",47.733000000000004,88.083,SNWD,221.0
2020-01-23T00:00:00,GHCND:CHM00051076,"ALTAY, CH",47.733000000000004,88.083,TAVG,-9.9
2020-01-23T00:00:00,GHCND:CHM00051076,"ALTAY, CH",47.733000000000004,88.083,TMAX,-2.9
2020-01-23T00:00:00,GHCND:CHM00051076,"ALTAY, CH",47.733000000000004,88.083,TMIN,-15.1
2020-01-23T00:00:00,GHCND:CHM00051087,"FUYUN, CH",46.983000000000004,89.51700000000001,SNWD,239.0
2020-01-23T00:00:00,GHCND:CHM00051087,"FUYUN, CH",46.983000000000004,89.51700000000001,TAVG,-12.7
2020-01-23T00:00:00,GHCND:CHM00051087,"FUYUN, CH",46.983000000000004,89.51700000000001,TMAX,-6.4
2020-01-23T00:00:00,GHCND:CHM00051087,"FUYUN, CH",46.983000000000004,89.51700000000001,TMIN,-16.1
2020-01-23T00:00:00,GHCND:CHM00051156,"HOBOKSAR, CH",46.783,85.71700000000001,PRCP,89.9
2020-01-23T00:00:00,GHCND:CHM00051156,"HOBOKSAR, CH",46.783,85.71700000000001,SNWD,89.0
2020-01-23T00:00:00,GHCND:CHM00051156,"HOBOKSAR, CH",46.783,85.71700000000001,TAVG,-10.8
2020-01-23T00:00:00,GHCND:CHM00051156,"HOBOKSAR, CH",46.783,85.71700000000001,TMAX,-4.4
2020-01-23T00:00:00,GHCND:CHM00051156,"HOBOKSAR, CH",46.783,85.71700000000001,TMIN,-14.5
2020-01-23T00:00:00,GHCND:CHM00051243,"KARAMAY, CH",45.6,84.85,PRCP,50.0
2020-01-23T00:00:00,GHCND:CHM00051243,"KARAMAY, CH",45.6,84.85,TAVG,-12.9
2020-01-23T00:00:00,GHCND:CHM00051243,"KARAMAY, CH",45.6,84.85,TMAX,-8.8
2020-01-23T00:00:00,GHCND:CHM00051243,"KARAMAY, CH",45.6,84.85,TMIN,-15.8
2020-01-23T00:00:00,GHCND:CHM00051334,"JINGHE, CH",44.617,82.9,PRCP,30.0
2020-01-23T00:00:00,GHCND:CHM00051334,"JINGHE, CH",44.617,82.9,TAVG,-13.3
2020-01-23T00:00:00,GHCND:CHM00051334,"JINGHE, CH",44.617,82.9,TMAX,-8.2
2020-01-23T00:00:00,GHCND:CHM00051334,"JINGHE, CH",44.617,82.9,TMIN,-17.9
2020-01-23T00:00:00,GHCND:CHM00051379,"QITAI, CH",44.016999999999996,89.56700000000001,TAVG,-13.6
2020-01-23T00:00:00,GHCND:CHM00051379,"QITAI, CH",44.016999999999996,89.56700000000001,TMAX,-2.0
2020-01-23T00:00:00,GHCND:CHM00051379,"QITAI, CH",44.016999999999996,89.56700000000001,TMIN,-20.4
2020-01-23T00:00:00,GHCND:CHM00051431,"YINING, CH",43.95,81.333,SNWD,180.0
2020-01-23T00:00:00,GHCND:CHM00051431,"YINING, CH",43.95,81.333,TAVG,-5.7
2020-01-23T00:00:00,GHCND:CHM00051431,"YINING, CH",43.95,81.333,TMAX,0.7
2020-01-23T00:00:00,GHCND:CHM00051431,"YINING, CH",43.95,81.333,TMIN,-12.7
2020-01-23T00:00:00,GHCND:CHM00051463,"WU LU MU QI, CH",43.8,87.65,SNWD,201.0
2020-01-23T00:00:00,GHCND:CHM00051463,"WU LU MU QI, CH",43.8,87.65,TAVG,-8.5
2020-01-23T00:00:00,GHCND:CHM00051463,"WU LU MU QI, CH",43.8,87.65,TMAX,-2.5
2020-01-23T00:00:00,GHCND:CHM00051463,"WU LU MU QI, CH",43.8,87.65,TMIN,-11.4
2020-01-23T00:00:00,GHCND:CHM00051573,"TURPAN, CH",42.933,89.2,PRCP,50.0
2020-01-23T00:00:00,GHCND:CHM00051573,"TURPAN, CH",42.933,89.2,SNWD,51.0
2020-01-23T00:00:00,GHCND:CHM00051573,"TURPAN, CH",42.933,89.2,TAVG,-9.3
2020-01-23T00:00:00,GHCND:CHM00051573,"TURPAN, CH",42.933,89.2,TMAX,-7.4
2020-01-23T00:00:00,GHCND:CHM00051573,"TURPAN, CH",42.933,89.2,TMIN,-11.7
2020-01-23T00:00:00,GHCND:CHM00051644,"KUQA, CH",41.717,82.95,PRCP,0.8
2020-01-23T00:00:00,GHCND:CHM00051644,"KUQA, CH",41.717,82.95,TAVG,-5.7
2020-01-23T00:00:00,GHCND:CHM00051644,"KUQA, CH",41.717,82.95,TMAX,1.0
2020-01-23T00:00:00,GHCND:CHM00051644,"KUQA, CH",41.717,82.95,TMIN,-11.0
2020-01-23T00:00:00,GHCND:CHM00051656,"KORLA, CH",41.75,86.133,PRCP,0.0
2020-01-23T00:00:00,GHCND:CHM00051656,"KORLA, CH",41.75,86.133,TAVG,-7.0
2020-01-23T00:00:00,GHCND:CHM00051656,"KORLA, CH",41.75,86.133,TMAX,1.2
2020-01-23T00:00:00,GHCND:CHM00051656,"KORLA, CH",41.75,86.133,TMIN,-13.4
2020-01-23T00:00:00,GHCND:CHM00051709,"KASHI, CH",39.467,75.983,PRCP,9.9
2020-01-23T00:00:00,GHCND:CHM00051709,"KASHI, CH",39.467,75.983,SNWD,10.0
2020-01-23T00:00:00,GHCND:CHM00051709,"KASHI, CH",39.467,75.983,TAVG,-3.3
2020-01-23T00:00:00,GHCND:CHM00051709,"KASHI, CH",39.467,75.983,TMIN,-10.1
2020-01-23T00:00:00,GHCND:CHM00051716,"BACHU, CH",39.8,78.567,PRCP,0.0
2020-01-23T00:00:00,GHCND:CHM00051716,"BACHU, CH",39.8,78.567,TAVG,-5.1
2020-01-23T00:00:00,GHCND:CHM00051716,"BACHU, CH",39.8,78.567,TMAX,3.2
2020-01-23T00:00:00,GHCND:CHM00051716,"BACHU, CH",39.8,78.567,TMIN,-11.7
2020-01-23T00:00:00,GHCND:CHM00051747,"TAZHONG, CH",39.0,83.667,PRCP,0.0
2020-01-23T00:00:00,GHCND:CHM00051747,"TAZHONG, CH",39.0,83.667,TAVG,-8.3
2020-01-23T00:00:00,GHCND:CHM00051747,"TAZHONG, CH",39.0,83.667,TMAX,2.2
2020-01-23T00:00:00,GHCND:CHM00051747,"TAZHONG, CH",39.0,83.667,TMIN,-18.8
2020-01-23T00:00:00,GHCND:CHM00051765,"TIKANLIK, CH",40.633,87.7,PRCP,20.1
2020-01-23T00:00:00,GHCND:CHM00051765,"TIKANLIK, CH",40.633,87.7,SNWD,20.0
2020-01-23T00:00:00,GHCND:CHM00051765,"TIKANLIK, CH",40.633,87.7,TAVG,-4.5
2020-01-23T00:00:00,GHCND:CHM00051765,"TIKANLIK, CH",40.633,87.7,TMAX,2.1
2020-01-23T00:00:00,GHCND:CHM00051765,"TIKANLIK, CH",40.633,87.7,TMIN,-12.6
2020-01-23T00:00:00,GHCND:CHM00051777,"RUOQIANG, CH",39.033,88.167,PRCP,0.0
2020-01-23T00:00:00,GHCND:CHM00051777,"RUOQIANG, CH",39.033,88.167,TAVG,-5.4
2020-01-23T00:00:00,GHCND:CHM00051777,"RUOQIANG, CH",39.033,88.167,TMAX,2.9
2020-01-23T00:00:00,GHCND:CHM00051777,"RUOQIANG, CH",39.033,88.167,TMIN,-10.0
2020-01-23T00:00:00,GHCND:CHM00051811,"SHACHE, CH",38.433,77.267,PRCP,0.0
2020-01-23T00:00:00,GHCND:CHM00051811,"SHACHE, CH",38.433,77.267,TAVG,-3.7
2020-01-23T00:00:00,GHCND:CHM00051811,"SHACHE, CH",38.433,77.267,TMAX,4.5
2020-01-23T00:00:00,GHCND:CHM00051811,"SHACHE, CH",38.433,77.267,TMIN,-11.4
2020-01-23T00:00:00,GHCND:CHM00051828,"HOTAN, CH",37.133,79.933,PRCP,0.0
2020-01-23T00:00:00,GHCND:CHM00051828,"HOTAN, CH",37.133,79.933,TAVG,-0.8
2020-01-23T00:00:00,GHCND:CHM00051828,"HOTAN, CH",37.133,79.933,TMAX,5.3
2020-01-23T00:00:00,GHCND:CHM00051828,"HOTAN, CH",37.133,79.933,TMIN,-5.4
2020-01-23T00:00:00,GHCND:CHM00052203,"HAMI, CH",42.817,93.51700000000001,PRCP,0.0
2020-01-23T00:00:00,GHCND:CHM00052203,"HAMI, CH",42.817,93.51700000000001,SNWD,20.0
2020-01-23T00:00:00,GHCND:CHM00052203,"HAMI, CH",42.817,93.51700000000001,TAVG,-16.1
2020-01-23T00:00:00,GHCND:CHM00052203,"HAMI, CH",42.817,93.51700000000001,TMAX,-6.5
2020-01-23T00:00:00,GHCND:CHM00052203,"HAMI, CH",42.817,93.51700000000001,TMIN,-20.6
2020-01-23T00:00:00,GHCND:CHM00052267,"EJIN QI, CH",41.95,101.06700000000001,PRCP,0.0
2020-01-23T00:00:00,GHCND:CHM00052267,"EJIN QI, CH",41.95,101.06700000000001,TAVG,-5.4
2020-01-23T00:00:00,GHCND:CHM00052267,"EJIN QI, CH",41.95,101.06700000000001,TMAX,2.2
2020-01-23T00:00:00,GHCND:CHM00052267,"EJIN QI, CH",41.95,101.06700000000001,TMIN,-12.1
2020-01-23T00:00:00,GHCND:CHM00052323,"MAZONG SHAN, CH",41.8,97.03299999999999,PRCP,0.0
2020-01-23T00:00:00,GHCND:CHM00052323,"MAZONG SHAN, CH",41.8,97.03299999999999,TAVG,-9.9
2020-01-23T00:00:00,GHCND:CHM00052323,"MAZONG SHAN, CH",41.8,97.03299999999999,TMAX,0.9
2020-01-23T00:00:00,GHCND:CHM00052323,"MAZONG SHAN, CH",41.8,97.03299999999999,TMIN,-18.7
2020-01-23T00:00:00,GHCND:CHM00052418,"DUNHUANG, CH",40.15,94.68299999999999,PRCP,0.0
2020-01-23T00:00:00,GHCND:CHM00052418,"DUNHUANG, CH",40.15,94.68299999999999,TAVG,-4.2
2020-01-23T00:00:00,GHCND:CHM00052418,"DUNHUANG, CH",40.15,94.68299999999999,TMAX,3.5
2020-01-23T00:00:00,GHCND:CHM00052418,"DUNHUANG, CH",40.15,94.68299999999999,TMIN,-15.2
2020-01-23T00:00:00,GHCND:CHM00052436,"YUMENZHEN, CH",40.266999999999996,97.03299999999999,PRCP,0.0
2020-01-23T00:00:00,GHCND:CHM00052436,"YUMENZHEN, CH",40.266999999999996,97.03299999999999,TAVG,-7.6
2020-01-23T00:00:00,GHCND:CHM00052436,"YUMENZHEN, CH",40.266999999999996,97.03299999999999,TMAX,0.6
2020-01-23T00:00:00,GHCND:CHM00052436,"YUMENZHEN, CH",40.266999999999996,97.03299999999999,TMIN,-16.8
2020-01-23T00:00:00,GHCND:CHM00052495,"BAYAN MOD, CH",40.75,104.5,PRCP,0.0
2020-01-23T00:00:00,GHCND:CHM00052495,"BAYAN MOD, CH",40.75,104.5,TAVG,-7.2
2020-01-23T00:00:00,GHCND:CHM00052495,"BAYAN MOD, CH",40.75,104.5,TMAX,2.6
2020-01-23T00:00:00,GHCND:CHM00052495,"BAYAN MOD, CH",40.75,104.5,TMIN,-17.4
2020-01-23T00:00:00,GHCND:CHM00052533,"JIUQUAN, CH",39.766999999999996,98.48299999999999,PRCP,0.0
2020-01-23T00:00:00,GHCND:CHM00052533,"JIUQUAN, CH",39.766999999999996,98.48299999999999,TAVG,-6.0
2020-01-23T00:00:00,GHCND:CHM00052533,"JIUQUAN, CH",39.766999999999996,98.48299999999999,TMAX,1.7
2020-01-23T00:00:00,GHCND:CHM00052533,"JIUQUAN, CH",39.766999999999996,98.48299999999999,TMIN,-13.1
2020-01-23T00:00:00,GHCND:CHM00052602,"LENGHU, CH",38.833,93.383,PRCP,0.0
2020-01-23T00:00:00,GHCND:CHM00052602,"LENGHU, CH",38.833,93.383,TAVG,-11.8
2020-01-23T00:00:00,GHCND:CHM00052602,"LENGHU, CH",38.833,93.383,TMAX,-1.3
2020-01-23T00:00:00,GHCND:CHM00052602,"LENGHU, CH",38.833,93.383,TMIN,-21.0
2020-01-23T00:00:00,GHCND:CHM00052681,"MINQIN, CH",38.633,103.083,PRCP,0.0
2020-01-23T00:00:00,GHCND:CHM00052681,"MINQIN, CH",38.633,103.083,TAVG,-4.4
2020-01-23T00:00:00,GHCND:CHM00052681,"MINQIN, CH",38.633,103.083,TMAX,3.7
2020-01-23T00:00:00,GHCND:CHM00052681,"MINQIN, CH",38.633,103.083,TMIN,-10.8
2020-01-23T00:00:00,GHCND:CHM00052713,"DA QAIDAM, CH",37.85,95.367,PRCP,0.0
2020-01-23T00:00:00,GHCND:CHM00052713,"DA QAIDAM, CH",37.85,95.367,TAVG,-15.4
2020-01-23T00:00:00,GHCND:CHM00052713,"DA QAIDAM, CH",37.85,95.367,TMAX,-5.5
2020-01-23T00:00:00,GHCND:CHM00052713,"DA QAIDAM, CH",37.85,95.367,TMIN,-24.1
2020-01-23T00:00:00,GHCND:CHM00052754,"GANGCA, CH",37.333,100.133,PRCP,0.0
2020-01-23T00:00:00,GHCND:CHM00052754,"GANGCA, CH",37.333,100.133,TAVG,-10.3
2020-01-23T00:00:00,GHCND:CHM00052754,"GANGCA, CH",37.333,100.133,TMAX,-4.4
2020-01-23T00:00:00,GHCND:CHM00052754,"GANGCA, CH",37.333,100.133,TMIN,-19.5
2020-01-23T00:00:00,GHCND:CHM00052787,"WUSHAOLING, CH",37.2,102.867,PRCP,50.0
2020-01-23T00:00:00,GHCND:CHM00052787,"WUSHAOLING, CH",37.2,102.867,TAVG,-10.7
2020-01-23T00:00:00,GHCND:CHM00052787,"WUSHAOLING, CH",37.2,102.867,TMAX,-1.9
2020-01-23T00:00:00,GHCND:CHM00052787,"WUSHAOLING, CH",37.2,102.867,TMIN,-14.7
2020-01-23T00:00:00,GHCND:CHM00052818,"GOLMUD, CH",36.417,94.9,PRCP,0.0
2020-01-23T00:00:00,GHCND:CHM00052818,"GOLMUD, CH",36.417,94.9,TAVG,-7.0
2020-01-23T00:00:00,GHCND:CHM00052818,"GOLMUD, CH",36.417,94.9,TMAX,-0.2
2020-01-23T00:00:00,GHCND:CHM00052818,"GOLMUD, CH",36.417,94.9,TMIN,-13.6
2020-01-23T00:00:00,GHCND:CHM00052836,"DULAN, CH",36.3,98.1,PRCP,0.0
2020-01-23T00:00:00,GHCND:CHM00052836,"DULAN, CH",36.3,98.1,TAVG,-10.6
2020-01-23T00:00:00,GHCND:CHM00052836,"DULAN, CH",36.3,98.1,TMAX,0.5
2020-01-23T00:00:00,GHCND:CHM00052836,"DULAN, CH",36.3,98.1,TMIN,-16.5
2020-01-23T00:00:00,GHCND:CHM00052866,"XINING, CH",36.617,101.76700000000001,PRCP,0.5
2020-01-23T00:00:00,GHCND:CHM00052866,"XINING, CH",36.617,101.76700000000001,TAVG,-4.7
2020-01-23T00:00:00,GHCND:CHM00052866,"XINING, CH",36.617,101.76700000000001,TMAX,5.3
2020-01-23T00:00:00,GHCND:CHM00052866,"XINING, CH",36.617,101.76700000000001,TMIN,-11.7
2020-01-23T00:00:00,GHCND:CHM00052955,"GUINAN, CH",35.583,100.75,PRCP,0.3
2020-01-23T00:00:00,GHCND:CHM00052955,"GUINAN, CH",35.583,100.75,TAVG,-7.6
2020-01-23T00:00:00,GHCND:CHM00052955,"GUINAN, CH",35.583,100.75,TMAX,2.2
2020-01-23T00:00:00,GHCND:CHM00052955,"GUINAN, CH",35.583,100.75,TMIN,-18.3
2020-01-23T00:00:00,GHCND:CHM00052983,"YU ZHONG, CH",35.867,104.15,PRCP,0.8
2020-01-23T00:00:00,GHCND:CHM00052983,"YU ZHONG, CH",35.867,104.15,TAVG,-3.3
2020-01-23T00:00:00,GHCND:CHM00052983,"YU ZHONG, CH",35.867,104.15,TMAX,4.1
2020-01-23T00:00:00,GHCND:CHM00052983,"YU ZHONG, CH",35.867,104.15,TMIN,-11.2
2020-01-23T00:00:00,GHCND:CHM00053068,"ERENHOT, CH",43.65,112.0,PRCP,0.0
2020-01-23T00:00:00,GHCND:CHM00053068,"ERENHOT, CH",43.65,112.0,SNWD,10.0
2020-01-23T00:00:00,GHCND:CHM00053068,"ERENHOT, CH",43.65,112.0,TAVG,-14.2
2020-01-23T00:00:00,GHCND:CHM00053068,"ERENHOT, CH",43.65,112.0,TMAX,-1.4
2020-01-23T00:00:00,GHCND:CHM00053068,"ERENHOT, CH",43.65,112.0,TMIN,-21.7
2020-01-23T00:00:00,GHCND:CHM00053192,"ABAG QI, CH",44.016999999999996,114.95,PRCP,0.0
2020-01-23T00:00:00,GHCND:CHM00053192,"ABAG QI, CH",44.016999999999996,114.95,TAVG,-22.3
2020-01-23T00:00:00,GHCND:CHM00053192,"ABAG QI, CH",44.016999999999996,114.95,TMAX,-11.6
2020-01-23T00:00:00,GHCND:CHM00053192,"ABAG QI, CH",44.016999999999996,114.95,TMIN,-27.7
2020-01-23T00:00:00,GHCND:CHM00053231,"HAILS, CH",41.45,106.383,PRCP,0.0
2020-01-23T00:00:00,GHCND:CHM00053231,"HAILS, CH",41.45,106.383,TAVG,-8.0
2020-01-23T00:00:00,GHCND:CHM00053231,"HAILS, CH",41.45,106.383,TMAX,-2.0
2020-01-23T00:00:00,GHCND:CHM00053231,"HAILS, CH",41.45,106.383,TMIN,-13.6
2020-01-23T00:00:00,GHCND:CHM00053276,"JURH, CH",42.4,112.9,PRCP,0.0
2020-01-23T00:00:00,GHCND:CHM00053276,"JURH, CH",42.4,112.9,SNWD,30.0
2020-01-23T00:00:00,GHCND:CHM00053276,"JURH, CH",42.4,112.9,TAVG,-12.1
2020-01-23T00:00:00,GHCND:CHM00053276,"JURH, CH",42.4,112.9,TMAX,-2.8
2020-01-23T00:00:00,GHCND:CHM00053276,"JURH, CH",42.4,112.9,TMIN,-17.1
2020-01-23T00:00:00,GHCND:CHM00053336,"HALIUT, CH",41.567,108.51700000000001,PRCP,0.0
2020-01-23T00:00:00,GHCND:CHM00053336,"HALIUT, CH",41.567,108.51700000000001,TAVG,-11.3
2020-01-23T00:00:00,GHCND:CHM00053336,"HALIUT, CH",41.567,108.51700000000001,TMAX,-3.7
2020-01-23T00:00:00,GHCND:CHM00053336,"HALIUT, CH",41.567,108.51700000000001,TMIN,-17.5
2020-01-23T00:00:00,GHCND:CHM00053352,"BAILING MIAO, CH",41.7,110.43299999999999,PRCP,0.0
2020-01-23T00:00:00,GHCND:CHM00053352,"BAILING MIAO, CH",41.7,110.43299999999999,SNWD,119.0
2020-01-23T00:00:00,GHCND:CHM00053352,"BAILING MIAO, CH",41.7,110.43299999999999,TAVG,-14.3
2020-01-23T00:00:00,GHCND:CHM00053352,"BAILING MIAO, CH",41.7,110.43299999999999,TMAX,-2.5
2020-01-23T00:00:00,GHCND:CHM00053352,"BAILING MIAO, CH",41.7,110.43299999999999,TMIN,-20.6
2020-01-23T00:00:00,GHCND:CHM00053391,"HUADE, CH",41.9,114.0,PRCP,0.0
2020-01-23T00:00:00,GHCND:CHM00053391,"HUADE, CH",41.9,114.0,SNWD,20.0
2020-01-23T00:00:00,GHCND:CHM00053391,"HUADE, CH",41.9,114.0,TAVG,-11.3
2020-01-23T00:00:00,GHCND:CHM00053391,"HUADE, CH",41.9,114.0,TMAX,-1.7
2020-01-23T00:00:00,GHCND:CHM00053391,"HUADE, CH",41.9,114.0,TMIN,-15.9
2020-01-23T00:00:00,GHCND:CHM00053463,"HOHHOT, CH",40.817,111.68299999999999,PRCP,0.0
2020-01-23T00:00:00,GHCND:CHM00053463,"HOHHOT, CH",40.817,111.68299999999999,TAVG,-10.1
2020-01-23T00:00:00,GHCND:CHM00053487,"DATONG, CH",40.1,113.333,PRCP,0.0
2020-01-23T00:00:00,GHCND:CHM00053487,"DATONG, CH",40.1,113.333,SNWD,41.0
2020-01-23T00:00:00,GHCND:CHM00053487,"DATONG, CH",40.1,113.333,TAVG,-7.2
2020-01-23T00:00:00,GHCND:CHM00053487,"DATONG, CH",40.1,113.333,TMAX,2.8
2020-01-23T00:00:00,GHCND:CHM00053487,"DATONG, CH",40.1,113.333,TMIN,-17.1
2020-01-23T00:00:00,GHCND:CHM00053502,"JARTAI, CH",39.783,105.75,PRCP,0.0
2020-01-23T00:00:00,GHCND:CHM00053502,"JARTAI, CH",39.783,105.75,TAVG,-6.2
2020-01-23T00:00:00,GHCND:CHM00053502,"JARTAI, CH",39.783,105.75,TMAX,3.9
2020-01-23T00:00:00,GHCND:CHM00053502,"JARTAI, CH",39.783,105.75,TMIN,-14.9
2020-01-23T00:00:00,GHCND:CHM00053529,"OTOG QI, CH",39.1,107.98299999999999,PRCP,0.0
2020-01-23T00:00:00,GHCND:CHM00053529,"OTOG QI, CH",39.1,107.98299999999999,TAVG,-7.8
2020-01-23T00:00:00,GHCND:CHM00053529,"OTOG QI, CH",39.1,107.98299999999999,TMAX,2.7
2020-01-23T00:00:00,GHCND:CHM00053529,"OTOG QI, CH",39.1,107.98299999999999,TMIN,-14.7
2020-01-23T00:00:00,GHCND:CHM00053614,"YINCHUAN, CH",38.467,106.2,PRCP,0.0
2020-01-23T00:00:00,GHCND:CHM00053614,"YINCHUAN, CH",38.467,106.2,TAVG,-3.7
2020-01-23T00:00:00,GHCND:CHM00053614,"YINCHUAN, CH",38.467,106.2,TMAX,4.0
2020-01-23T00:00:00,GHCND:CHM00053614,"YINCHUAN, CH",38.467,106.2,TMIN,-10.7
2020-01-23T00:00:00,GHCND:CHM00053646,"YULIN, CH",38.233000000000004,109.7,PRCP,0.0
2020-01-23T00:00:00,GHCND:CHM00053646,"YULIN, CH",38.233000000000004,109.7,TAVG,-3.4
2020-01-23T00:00:00,GHCND:CHM00053646,"YULIN, CH",38.233000000000004,109.7,TMAX,4.2
2020-01-23T00:00:00,GHCND:CHM00053646,"YULIN, CH",38.233000000000004,109.7,TMIN,-11.2
2020-01-23T00:00:00,GHCND:CHM00053673,"YUANPING, CH",38.75,112.7,TAVG,-2.1
2020-01-23T00:00:00,GHCND:CHM00053673,"YUANPING, CH",38.75,112.7,TMAX,5.0
2020-01-23T00:00:00,GHCND:CHM00053673,"YUANPING, CH",38.75,112.7,TMIN,-8.9
2020-01-23T00:00:00,GHCND:CHM00053698,"SHIJIAZHUANG, CH",38.033,114.417,PRCP,0.0
2020-01-23T00:00:00,GHCND:CHM00053698,"SHIJIAZHUANG, CH",38.033,114.417,TAVG,1.9
2020-01-23T00:00:00,GHCND:CHM00053698,"SHIJIAZHUANG, CH",38.033,114.417,TMAX,6.8
2020-01-23T00:00:00,GHCND:CHM00053698,"SHIJIAZHUANG, CH",38.033,114.417,TMIN,-3.9
2020-01-23T00:00:00,GHCND:CHM00053723,"YANCHI, CH",37.8,107.383,PRCP,0.0
2020-01-23T00:00:00,GHCND:CHM00053723,"YANCHI, CH",37.8,107.383,TAVG,-3.6
2020-01-23T00:00:00,GHCND:CHM00053723,"YANCHI, CH",37.8,107.383,TMAX,2.8
2020-01-23T00:00:00,GHCND:CHM00053723,"YANCHI, CH",37.8,107.383,TMIN,-14.1
2020-01-23T00:00:00,GHCND:CHM00053772,"TAIYUAN, CH",37.783,112.55,PRCP,0.0
2020-01-23T00:00:00,GHCND:CHM00053772,"TAIYUAN, CH",37.783,112.55,TAVG,0.8
2020-01-23T00:00:00,GHCND:CHM00053772,"TAIYUAN, CH",37.783,112.55,TMAX,5.2
2020-01-23T00:00:00,GHCND:CHM00053772,"TAIYUAN, CH",37.783,112.55,TMIN,-8.7
2020-01-23T00:00:00,GHCND:CHM00053845,"YAN AN, CH",36.6,109.5,PRCP,0.0
2020-01-23T00:00:00,GHCND:CHM00053845,"YAN AN, CH",36.6,109.5,SNWD,10.0
2020-01-23T00:00:00,GHCND:CHM00053845,"YAN AN, CH",36.6,109.5,TAVG,-1.9
2020-01-23T00:00:00,GHCND:CHM00053845,"YAN AN, CH",36.6,109.5,TMAX,6.2
2020-01-23T00:00:00,GHCND:CHM00053845,"YAN AN, CH",36.6,109.5,TMIN,-8.2
2020-01-23T00:00:00,GHCND:CHM00053863,"JIEXIU, CH",37.033,111.917,PRCP,0.0
2020-01-23T00:00:00,GHCND:CHM00053863,"JIEXIU, CH",37.033,111.917,TAVG,-0.9
2020-01-23T00:00:00,GHCND:CHM00053863,"JIEXIU, CH",37.033,111.917,TMAX,5.2
2020-01-23T00:00:00,GHCND:CHM00053863,"JIEXIU, CH",37.033,111.917,TMIN,-6.3
2020-01-23T00:00:00,GHCND:CHM00053898,"ANYANG, CH",36.05,114.4,PRCP,0.0
2020-01-23T00:00:00,GHCND:CHM00053898,"ANYANG, CH",36.05,114.4,TAVG,1.9
2020-01-23T00:00:00,GHCND:CHM00053898,"ANYANG, CH",36.05,114.4,TMAX,5.0
2020-01-23T00:00:00,GHCND:CHM00053898,"ANYANG, CH",36.05,114.4,TMIN,-2.5
2020-01-23T00:00:00,GHCND:CHM00053915,"PINGLIANG, CH",35.55,106.667,PRCP,1.5
2020-01-23T00:00:00,GHCND:CHM00053915,"PINGLIANG, CH",35.55,106.667,TAVG,-0.9
2020-01-23T00:00:00,GHCND:CHM00053915,"PINGLIANG, CH",35.55,106.667,TMAX,5.5
2020-01-23T00:00:00,GHCND:CHM00053915,"PINGLIANG, CH",35.55,106.667,TMIN,-4.9
2020-01-23T00:00:00,GHCND:CHM00053959,"YUNCHENG, CH",35.05,111.05,PRCP,0.0
2020-01-23T00:00:00,GHCND:CHM00053959,"YUNCHENG, CH",35.05,111.05,TAVG,1.9
2020-01-23T00:00:00,GHCND:CHM00053959,"YUNCHENG, CH",35.05,111.05,TMAX,8.1
2020-01-23T00:00:00,GHCND:CHM00053959,"YUNCHENG, CH",35.05,111.05,TMIN,-4.0
2020-01-23T00:00:00,GHCND:CHM00054012,"XI UJIMQIN QI, CH",44.583,117.6,PRCP,0.0
2020-01-23T00:00:00,GHCND:CHM00054012,"XI UJIMQIN QI, CH",44.583,117.6,SNWD,150.0
2020-01-23T00:00:00,GHCND:CHM00054012,"XI UJIMQIN QI, CH",44.583,117.6,TAVG,-19.9
2020-01-23T00:00:00,GHCND:CHM00054012,"XI UJIMQIN QI, CH",44.583,117.6,TMAX,-5.9
2020-01-23T00:00:00,GHCND:CHM00054012,"XI UJIMQIN QI, CH",44.583,117.6,TMIN,-28.1
2020-01-23T00:00:00,GHCND:CHM00054026,"JARUD QI, CH",44.567,120.9,PRCP,0.0
2020-01-23T00:00:00,GHCND:CHM00054026,"JARUD QI, CH",44.567,120.9,TAVG,-9.4
2020-01-23T00:00:00,GHCND:CHM00054026,"JARUD QI, CH",44.567,120.9,TMAX,-2.3
2020-01-23T00:00:00,GHCND:CHM00054026,"JARUD QI, CH",44.567,120.9,TMIN,-17.1
2020-01-23T00:00:00,GHCND:CHM00054027,"LINDONG, CH",43.983000000000004,119.4,PRCP,0.0
2020-01-23T00:00:00,GHCND:CHM00054027,"LINDONG, CH",43.983000000000004,119.4,TAVG,-9.7
2020-01-23T00:00:00,GHCND:CHM00054027,"LINDONG, CH",43.983000000000004,119.4,TMAX,-3.1
2020-01-23T00:00:00,GHCND:CHM00054027,"LINDONG, CH",43.983000000000004,119.4,TMIN,-16.6
2020-01-23T00:00:00,GHCND:CHM00054094,"MUDANJIANG, CH",44.567,129.6,PRCP,0.5
2020-01-23T00:00:00,GHCND:CHM00054094,"MUDANJIANG, CH",44.567,129.6,TAVG,-10.0
2020-01-23T00:00:00,GHCND:CHM00054094,"MUDANJIANG, CH",44.567,129.6,TMAX,-1.4
2020-01-23T00:00:00,GHCND:CHM00054094,"MUDANJIANG, CH",44.567,129.6,TMIN,-15.6
2020-01-23T00:00:00,GHCND:CHM00054096,"SUIFENHE, CH",44.383,131.15,PRCP,0.5
2020-01-23T00:00:00,GHCND:CHM00054096,"SUIFENHE, CH",44.383,131.15,TAVG,-9.3
2020-01-23T00:00:00,GHCND:CHM00054096,"SUIFENHE, CH",44.383,131.15,TMAX,-1.7
2020-01-23T00:00:00,GHCND:CHM00054096,"SUIFENHE, CH",44.383,131.15,TMIN,-15.1
2020-01-23T00:00:00,GHCND:CHM00054102,"XILIN HOT, CH",43.95,116.117,PRCP,0.0
2020-01-23T00:00:00,GHCND:CHM00054102,"XILIN HOT, CH",43.95,116.117,TAVG,-20.3
2020-01-23T00:00:00,GHCND:CHM00054102,"XILIN HOT, CH",43.95,116.117,TMAX,-6.6
2020-01-23T00:00:00,GHCND:CHM00054102,"XILIN HOT, CH",43.95,116.117,TMIN,-25.8
2020-01-23T00:00:00,GHCND:CHM00054115,"LINXI, CH",43.6,118.06700000000001,PRCP,0.0
2020-01-23T00:00:00,GHCND:CHM00054115,"LINXI, CH",43.6,118.06700000000001,TAVG,-13.4
2020-01-23T00:00:00,GHCND:CHM00054115,"LINXI, CH",43.6,118.06700000000001,TMAX,-3.6
2020-01-23T00:00:00,GHCND:CHM00054115,"LINXI, CH",43.6,118.06700000000001,TMIN,-22.4
2020-01-23T00:00:00,GHCND:CHM00054135,"TONGLIAO, CH",43.6,122.26700000000001,PRCP,0.0
2020-01-23T00:00:00,GHCND:CHM00054135,"TONGLIAO, CH",43.6,122.26700000000001,TAVG,-8.1
2020-01-23T00:00:00,GHCND:CHM00054135,"TONGLIAO, CH",43.6,122.26700000000001,TMAX,-2.6
2020-01-23T00:00:00,GHCND:CHM00054135,"TONGLIAO, CH",43.6,122.26700000000001,TMIN,-14.9
2020-01-23T00:00:00,GHCND:CHM00054157,"SIPING, CH",43.183,124.333,PRCP,0.0
2020-01-23T00:00:00,GHCND:CHM00054157,"SIPING, CH",43.183,124.333,SNWD,160.0
2020-01-23T00:00:00,GHCND:CHM00054157,"SIPING, CH",43.183,124.333,TAVG,-14.1
2020-01-23T00:00:00,GHCND:CHM00054157,"SIPING, CH",43.183,124.333,TMAX,-3.1
2020-01-23T00:00:00,GHCND:CHM00054157,"SIPING, CH",43.183,124.333,TMIN,-25.8
2020-01-23T00:00:00,GHCND:CHM00054161,"CHANGCHUN, CH",43.9,125.21700000000001,PRCP,0.0
2020-01-23T00:00:00,GHCND:CHM00054161,"CHANGCHUN, CH",43.9,125.21700000000001,TAVG,-12.6
2020-01-23T00:00:00,GHCND:CHM00054161,"CHANGCHUN, CH",43.9,125.21700000000001,TMAX,-4.2
2020-01-23T00:00:00,GHCND:CHM00054208,"DUOLUN, CH",42.183,116.46700000000001,PRCP,0.0
2020-01-23T00:00:00,GHCND:CHM00054208,"DUOLUN, CH",42.183,116.46700000000001,SNWD,71.0
2020-01-23T00:00:00,GHCND:CHM00054208,"DUOLUN, CH",42.183,116.46700000000001,TAVG,-14.6
2020-01-23T00:00:00,GHCND:CHM00054208,"DUOLUN, CH",42.183,116.46700000000001,TMAX,-2.5
2020-01-23T00:00:00,GHCND:CHM00054208,"DUOLUN, CH",42.183,116.46700000000001,TMIN,-24.0
2020-01-23T00:00:00,GHCND:CHM00054218,"CHIFENG, CH",42.3,118.833,PRCP,0.0
2020-01-23T00:00:00,GHCND:CHM00054218,"CHIFENG, CH",42.3,118.833,TAVG,-7.4
2020-01-23T00:00:00,GHCND:CHM00054218,"CHIFENG, CH",42.3,118.833,TMAX,-0.4
2020-01-23T00:00:00,GHCND:CHM00054218,"CHIFENG, CH",42.3,118.833,TMIN,-15.0
2020-01-23T00:00:00,GHCND:CHM00054236,"ZHANGWU, CH",42.417,122.53299999999999,PRCP,0.0
2020-01-23T00:00:00,GHCND:CHM00054236,"ZHANGWU, CH",42.417,122.53299999999999,TAVG,-8.9
2020-01-23T00:00:00,GHCND:CHM00054236,"ZHANGWU, CH",42.417,122.53299999999999,TMAX,-1.6
2020-01-23T00:00:00,GHCND:CHM00054236,"ZHANGWU, CH",42.417,122.53299999999999,TMIN,-17.2
2020-01-23T00:00:00,GHCND:CHM00054292,"YANJI, CH",42.867,129.5,PRCP,0.0
2020-01-23T00:00:00,GHCND:CHM00054292,"YANJI, CH",42.867,129.5,SNWD,30.0
2020-01-23T00:00:00,GHCND:CHM00054292,"YANJI, CH",42.867,129.5,TAVG,-4.8
2020-01-23T00:00:00,GHCND:CHM00054292,"YANJI, CH",42.867,129.5,TMAX,2.9
2020-01-23T00:00:00,GHCND:CHM00054292,"YANJI, CH",42.867,129.5,TMIN,-15.1
2020-01-23T00:00:00,GHCND:CHM00054324,"CHAOYANG, CH",41.55,120.45,PRCP,0.0
2020-01-23T00:00:00,GHCND:CHM00054324,"CHAOYANG, CH",41.55,120.45,TAVG,-6.5
2020-01-23T00:00:00,GHCND:CHM00054324,"CHAOYANG, CH",41.55,120.45,TMAX,2.6
2020-01-23T00:00:00,GHCND:CHM00054324,"CHAOYANG, CH",41.55,120.45,TMIN,-15.4
2020-01-23T00:00:00,GHCND:CHM00054337,"JINZHOU, CH",41.133,121.117,PRCP,0.0
2020-01-23T00:00:00,GHCND:CHM00054337,"JINZHOU, CH",41.133,121.117,TAVG,-3.7
2020-01-23T00:00:00,GHCND:CHM00054337,"JINZHOU, CH",41.133,121.117,TMAX,3.3
2020-01-23T00:00:00,GHCND:CHM00054337,"JINZHOU, CH",41.133,121.117,TMIN,-10.4
2020-01-23T00:00:00,GHCND:CHM00054342,"SHENYANG, CH",41.733000000000004,123.51700000000001,PRCP,0.0
2020-01-23T00:00:00,GHCND:CHM00054342,"SHENYANG, CH",41.733000000000004,123.51700000000001,TAVG,-6.5
2020-01-23T00:00:00,GHCND:CHM00054342,"SHENYANG, CH",41.733000000000004,123.51700000000001,TMAX,0.2
2020-01-23T00:00:00,GHCND:CHM00054342,"SHENYANG, CH",41.733000000000004,123.51700000000001,TMIN,-14.5
2020-01-23T00:00:00,GHCND:CHM00054346,"BENXI, CH",41.317,123.78299999999999,PRCP,0.0
2020-01-23T00:00:00,GHCND:CHM00054346,"BENXI, CH",41.317,123.78299999999999,TAVG,-4.3
2020-01-23T00:00:00,GHCND:CHM00054346,"BENXI, CH",41.317,123.78299999999999,TMAX,4.0
2020-01-23T00:00:00,GHCND:CHM00054346,"BENXI, CH",41.317,123.78299999999999,TMIN,-11.5
2020-01-23T00:00:00,GHCND:CHM00054405,"HUAILAI, CH",40.417,115.5,PRCP,0.0
2020-01-23T00:00:00,GHCND:CHM00054405,"HUAILAI, CH",40.417,115.5,TAVG,-1.9
2020-01-23T00:00:00,GHCND:CHM00054405,"HUAILAI, CH",40.417,115.5,TMAX,5.0
2020-01-23T00:00:00,GHCND:CHM00054405,"HUAILAI, CH",40.417,115.5,TMIN,-10.7
2020-01-23T00:00:00,GHCND:CHM00054423,"CHENGDE, CH",40.967,117.917,PRCP,0.0
2020-01-23T00:00:00,GHCND:CHM00054423,"CHENGDE, CH",40.967,117.917,TAVG,-4.7
2020-01-23T00:00:00,GHCND:CHM00054423,"CHENGDE, CH",40.967,117.917,TMAX,5.4
2020-01-23T00:00:00,GHCND:CHM00054423,"CHENGDE, CH",40.967,117.917,TMIN,-12.6
2020-01-23T00:00:00,GHCND:CHM00054471,"YINGKOU, CH",40.667,122.2,PRCP,0.0
2020-01-23T00:00:00,GHCND:CHM00054471,"YINGKOU, CH",40.667,122.2,TAVG,-3.1
2020-01-23T00:00:00,GHCND:CHM00054471,"YINGKOU, CH",40.667,122.2,TMAX,4.3
2020-01-23T00:00:00,GHCND:CHM00054471,"YINGKOU, CH",40.667,122.2,TMIN,-8.9
2020-01-23T00:00:00,GHCND:CHM00054511,"BEIJING, CH",39.933,116.28299999999999,PRCP,0.0
2020-01-23T00:00:00,GHCND:CHM00054511,"BEIJING, CH",39.933,116.28299999999999,TAVG,0.1
2020-01-23T00:00:00,GHCND:CHM00054527,"TIANJIN, CH",39.1,117.167,PRCP,0.0
2020-01-23T00:00:00,GHCND:CHM00054527,"TIANJIN, CH",39.1,117.167,TAVG,2.6
2020-01-23T00:00:00,GHCND:CHM00054527,"TIANJIN, CH",39.1,117.167,TMAX,9.1
2020-01-23T00:00:00,GHCND:CHM00054527,"TIANJIN, CH",39.1,117.167,TMIN,-5.3
2020-01-23T00:00:00,GHCND:CHM00054539,"LETING, CH",39.433,118.9,PRCP,0.0
2020-01-23T00:00:00,GHCND:CHM00054539,"LETING, CH",39.433,118.9,TAVG,0.2
2020-01-23T00:00:00,GHCND:CHM00054539,"LETING, CH",39.433,118.9,TMAX,8.0
2020-01-23T00:00:00,GHCND:CHM00054539,"LETING, CH",39.433,118.9,TMIN,-5.3
2020-01-23T00:00:00,GHCND:CHM00054618,"POTOU, CH",38.083,116.55,PRCP,0.0
2020-01-23T00:00:00,GHCND:CHM00054618,"POTOU, CH",38.083,116.55,TAVG,0.8
2020-01-23T00:00:00,GHCND:CHM00054618,"POTOU, CH",38.083,116.55,TMAX,8.2
2020-01-23T00:00:00,GHCND:CHM00054618,"POTOU, CH",38.083,116.55,TMIN,-6.3
2020-01-23T00:00:00,GHCND:CHM00054662,"DALIAN, CH",38.9,121.633,PRCP,0.0
2020-01-23T00:00:00,GHCND:CHM00054662,"DALIAN, CH",38.9,121.633,TAVG,-0.2
2020-01-23T00:00:00,GHCND:CHM00054662,"DALIAN, CH",38.9,121.633,TMAX,6.7
2020-01-23T00:00:00,GHCND:CHM00054725,"HUIMIN, CH",37.5,117.53299999999999,PRCP,0.0
2020-01-23T00:00:00,GHCND:CHM00054725,"HUIMIN, CH",37.5,117.53299999999999,TAVG,0.7
2020-01-23T00:00:00,GHCND:CHM00054725,"HUIMIN, CH",37.5,117.53299999999999,TMAX,7.9
2020-01-23T00:00:00,GHCND:CHM00054725,"HUIMIN, CH",37.5,117.53299999999999,TMIN,-4.9
2020-01-23T00:00:00,GHCND:CHM00054776,"CHENGSHANTOU, CH",37.4,122.68299999999999,PRCP,0.0
2020-01-23T00:00:00,GHCND:CHM00054776,"CHENGSHANTOU, CH",37.4,122.68299999999999,TAVG,4.6
2020-01-23T00:00:00,GHCND:CHM00054776,"CHENGSHANTOU, CH",37.4,122.68299999999999,TMAX,7.3
2020-01-23T00:00:00,GHCND:CHM00054776,"CHENGSHANTOU, CH",37.4,122.68299999999999,TMIN,2.6
2020-01-23T00:00:00,GHCND:CHM00054823,"JINAN, CH",36.6,117.05,PRCP,0.0
2020-01-23T00:00:00,GHCND:CHM00054823,"JINAN, CH",36.6,117.05,TAVG,4.0
2020-01-23T00:00:00,GHCND:CHM00054823,"JINAN, CH",36.6,117.05,TMAX,8.6
2020-01-23T00:00:00,GHCND:CHM00054823,"JINAN, CH",36.6,117.05,TMIN,0.5
2020-01-23T00:00:00,GHCND:CHM00054843,"WEIFANG, CH",36.766999999999996,119.18299999999999,PRCP,0.0
2020-01-23T00:00:00,GHCND:CHM00054843,"WEIFANG, CH",36.766999999999996,119.18299999999999,TAVG,3.1
2020-01-23T00:00:00,GHCND:CHM00054843,"WEIFANG, CH",36.766999999999996,119.18299999999999,TMAX,9.8
2020-01-23T00:00:00,GHCND:CHM00054843,"WEIFANG, CH",36.766999999999996,119.18299999999999,TMIN,-1.9
2020-01-23T00:00:00,GHCND:CHM00054857,"QINGDAO, CH",36.067,120.333,PRCP,0.0
2020-01-23T00:00:00,GHCND:CHM00054857,"QINGDAO, CH",36.067,120.333,TAVG,4.8
2020-01-23T00:00:00,GHCND:CHM00054909,"DINGTAO, CH",35.083,115.51700000000001,PRCP,0.0
2020-01-23T00:00:00,GHCND:CHM00054909,"DINGTAO, CH",35.083,115.51700000000001,TAVG,2.9
2020-01-23T00:00:00,GHCND:CHM00054909,"DINGTAO, CH",35.083,115.51700000000001,TMAX,8.5
2020-01-23T00:00:00,GHCND:CHM00054909,"DINGTAO, CH",35.083,115.51700000000001,TMIN,-4.1
2020-01-23T00:00:00,GHCND:CHM00054916,"YANZHOU, CH",35.567,116.85,PRCP,0.0
2020-01-23T00:00:00,GHCND:CHM00054916,"YANZHOU, CH",35.567,116.85,TAVG,4.4
2020-01-23T00:00:00,GHCND:CHM00054916,"YANZHOU, CH",35.567,116.85,TMIN,-2.5
2020-01-23T00:00:00,GHCND:CHM00055228,"SHIQUANHE, CH",32.5,80.083,PRCP,0.0
2020-01-23T00:00:00,GHCND:CHM00055228,"SHIQUANHE, CH",32.5,80.083,TAVG,-16.2
2020-01-23T00:00:00,GHCND:CHM00055228,"SHIQUANHE, CH",32.5,80.083,TMAX,-5.8
2020-01-23T00:00:00,GHCND:CHM00055228,"SHIQUANHE, CH",32.5,80.083,TMIN,-23.0
2020-01-23T00:00:00,GHCND:CHM00055279,"BAINGOIN, CH",31.366999999999997,90.01700000000001,PRCP,9.9
2020-01-23T00:00:00,GHCND:CHM00055279,"BAINGOIN, CH",31.366999999999997,90.01700000000001,TAVG,-15.5
2020-01-23T00:00:00,GHCND:CHM00055279,"BAINGOIN, CH",31.366999999999997,90.01700000000001,TMAX,-9.1
2020-01-23T00:00:00,GHCND:CHM00055279,"BAINGOIN, CH",31.366999999999997,90.01700000000001,TMIN,-20.4
2020-01-23T00:00:00,GHCND:CHM00055299,"NAGQU, CH",31.483,92.06700000000001,PRCP,20.1
2020-01-23T00:00:00,GHCND:CHM00055299,"NAGQU, CH",31.483,92.06700000000001,SNWD,20.0
2020-01-23T00:00:00,GHCND:CHM00055299,"NAGQU, CH",31.483,92.06700000000001,TAVG,-15.8
2020-01-23T00:00:00,GHCND:CHM00055299,"NAGQU, CH",31.483,92.06700000000001,TMAX,-6.2
2020-01-23T00:00:00,GHCND:CHM00055299,"NAGQU, CH",31.483,92.06700000000001,TMIN,-22.2
2020-01-23T00:00:00,GHCND:CHM00055472,"XAINZA, CH",30.95,88.633,PRCP,0.0
2020-01-23T00:00:00,GHCND:CHM00055472,"XAINZA, CH",30.95,88.633,TAVG,-13.5
2020-01-23T00:00:00,GHCND:CHM00055472,"XAINZA, CH",30.95,88.633,TMAX,-4.8
2020-01-23T00:00:00,GHCND:CHM00055472,"XAINZA, CH",30.95,88.633,TMIN,-17.6
2020-01-23T00:00:00,GHCND:CHM00055578,"XIGAZE, CH",29.25,88.883,PRCP,0.0
2020-01-23T00:00:00,GHCND:CHM00055578,"XIGAZE, CH",29.25,88.883,TAVG,-3.4
2020-01-23T00:00:00,GHCND:CHM00055578,"XIGAZE, CH",29.25,88.883,TMAX,6.1
2020-01-23T00:00:00,GHCND:CHM00055578,"XIGAZE, CH",29.25,88.883,TMIN,-13.0
2020-01-23T00:00:00,GHCND:CHM00055591,"LHASA, CH",29.666999999999998,91.133,PRCP,0.0
2020-01-23T00:00:00,GHCND:CHM00055591,"LHASA, CH",29.666999999999998,91.133,TAVG,-1.7
2020-01-23T00:00:00,GHCND:CHM00055591,"LHASA, CH",29.666999999999998,91.133,TMAX,7.6
2020-01-23T00:00:00,GHCND:CHM00055591,"LHASA, CH",29.666999999999998,91.133,TMIN,-7.3
2020-01-23T00:00:00,GHCND:CHM00056004,"TUOTUOHE, CH",34.217,92.43299999999999,PRCP,0.0
2020-01-23T00:00:00,GHCND:CHM00056004,"TUOTUOHE, CH",34.217,92.43299999999999,TAVG,-18.4
2020-01-23T00:00:00,GHCND:CHM00056004,"TUOTUOHE, CH",34.217,92.43299999999999,TMAX,-10.4
2020-01-23T00:00:00,GHCND:CHM00056004,"TUOTUOHE, CH",34.217,92.43299999999999,TMIN,-25.2
2020-01-23T00:00:00,GHCND:CHM00056021,"QUMARLEB, CH",34.133,95.78299999999999,PRCP,0.0
2020-01-23T00:00:00,GHCND:CHM00056021,"QUMARLEB, CH",34.133,95.78299999999999,TAVG,-14.8
2020-01-23T00:00:00,GHCND:CHM00056021,"QUMARLEB, CH",34.133,95.78299999999999,TMAX,-5.3
2020-01-23T00:00:00,GHCND:CHM00056021,"QUMARLEB, CH",34.133,95.78299999999999,TMIN,-23.9
2020-01-23T00:00:00,GHCND:CHM00056029,"YUSHU, CH",33.0,96.96700000000001,PRCP,30.0
2020-01-23T00:00:00,GHCND:CHM00056029,"YUSHU, CH",33.0,96.96700000000001,SNWD,30.0
2020-01-23T00:00:00,GHCND:CHM00056029,"YUSHU, CH",33.0,96.96700000000001,TAVG,-13.3
2020-01-23T00:00:00,GHCND:CHM00056029,"YUSHU, CH",33.0,96.96700000000001,TMAX,-2.3
2020-01-23T00:00:00,GHCND:CHM00056029,"YUSHU, CH",33.0,96.96700000000001,TMIN,-23.3
2020-01-23T00:00:00,GHCND:CHM00056033,"MADOI, CH",34.917,98.21700000000001,PRCP,9.9
2020-01-23T00:00:00,GHCND:CHM00056033,"MADOI, CH",34.917,98.21700000000001,SNWD,10.0
2020-01-23T00:00:00,GHCND:CHM00056033,"MADOI, CH",34.917,98.21700000000001,TAVG,-17.8
2020-01-23T00:00:00,GHCND:CHM00056033,"MADOI, CH",34.917,98.21700000000001,TMAX,-9.5
2020-01-23T00:00:00,GHCND:CHM00056033,"MADOI, CH",34.917,98.21700000000001,TMIN,-24.3
2020-01-23T00:00:00,GHCND:CHM00056046,"DARLAG, CH",33.75,99.65,PRCP,9.9
2020-01-23T00:00:00,GHCND:CHM00056046,"DARLAG, CH",33.75,99.65,SNWD,10.0
2020-01-23T00:00:00,GHCND:CHM00056046,"DARLAG, CH",33.75,99.65,TAVG,-13.5
2020-01-23T00:00:00,GHCND:CHM00056046,"DARLAG, CH",33.75,99.65,TMAX,-5.1
2020-01-23T00:00:00,GHCND:CHM00056046,"DARLAG, CH",33.75,99.65,TMIN,-21.8
2020-01-23T00:00:00,GHCND:CHM00056079,"RUO ERGAI, CH",33.583,102.96700000000001,PRCP,0.0
2020-01-23T00:00:00,GHCND:CHM00056079,"RUO ERGAI, CH",33.583,102.96700000000001,TAVG,-6.0
2020-01-23T00:00:00,GHCND:CHM00056079,"RUO ERGAI, CH",33.583,102.96700000000001,TMAX,1.4
2020-01-23T00:00:00,GHCND:CHM00056079,"RUO ERGAI, CH",33.583,102.96700000000001,TMIN,-16.8
2020-01-23T00:00:00,GHCND:CHM00056080,"HEZUO, CH",35.0,102.9,PRCP,0.5
2020-01-23T00:00:00,GHCND:CHM00056080,"HEZUO, CH",35.0,102.9,TAVG,-6.4
2020-01-23T00:00:00,GHCND:CHM00056080,"HEZUO, CH",35.0,102.9,TMAX,4.3
2020-01-23T00:00:00,GHCND:CHM00056080,"HEZUO, CH",35.0,102.9,TMIN,-16.8
2020-01-23T00:00:00,GHCND:CHM00056096,"WUDU, CH",33.4,104.917,PRCP,0.0
2020-01-23T00:00:00,GHCND:CHM00056096,"WUDU, CH",33.4,104.917,TAVG,6.6
2020-01-23T00:00:00,GHCND:CHM00056096,"WUDU, CH",33.4,104.917,TMAX,12.6
2020-01-23T00:00:00,GHCND:CHM00056096,"WUDU, CH",33.4,104.917,TMIN,2.8
2020-01-23T00:00:00,GHCND:CHM00056106,"SOG XIAN, CH",31.883000000000003,93.78299999999999,PRCP,0.0
2020-01-23T00:00:00,GHCND:CHM00056106,"SOG XIAN, CH",31.883000000000003,93.78299999999999,SNWD,41.0
2020-01-23T00:00:00,GHCND:CHM00056106,"SOG XIAN, CH",31.883000000000003,93.78299999999999,TAVG,-12.8
2020-01-23T00:00:00,GHCND:CHM00056106,"SOG XIAN, CH",31.883000000000003,93.78299999999999,TMAX,-5.3
2020-01-23T00:00:00,GHCND:CHM00056106,"SOG XIAN, CH",31.883000000000003,93.78299999999999,TMIN,-21.5
2020-01-23T00:00:00,GHCND:CHM00056116,"DENGQEN, CH",31.416999999999998,95.6,PRCP,0.3
2020-01-23T00:00:00,GHCND:CHM00056116,"DENGQEN, CH",31.416999999999998,95.6,TAVG,-6.8
2020-01-23T00:00:00,GHCND:CHM00056116,"DENGQEN, CH",31.416999999999998,95.6,TMAX,-3.1
2020-01-23T00:00:00,GHCND:CHM00056116,"DENGQEN, CH",31.416999999999998,95.6,TMIN,-9.8
2020-01-23T00:00:00,GHCND:CHM00056137,"QAMDO, CH",31.15,97.167,PRCP,0.0
2020-01-23T00:00:00,GHCND:CHM00056137,"QAMDO, CH",31.15,97.167,TAVG,-1.9
2020-01-23T00:00:00,GHCND:CHM00056137,"QAMDO, CH",31.15,97.167,TMAX,4.1
2020-01-23T00:00:00,GHCND:CHM00056137,"QAMDO, CH",31.15,97.167,TMIN,-9.8
2020-01-23T00:00:00,GHCND:CHM00056146,"GARZE, CH",31.616999999999997,100.0,PRCP,0.5
2020-01-23T00:00:00,GHCND:CHM00056146,"GARZE, CH",31.616999999999997,100.0,TAVG,-3.2
2020-01-23T00:00:00,GHCND:CHM00056146,"GARZE, CH",31.616999999999997,100.0,TMAX,3.4
2020-01-23T00:00:00,GHCND:CHM00056146,"GARZE, CH",31.616999999999997,100.0,TMIN,-10.0
2020-01-23T00:00:00,GHCND:CHM00056172,"BARKAM, CH",31.9,102.23299999999999,PRCP,0.3
2020-01-23T00:00:00,GHCND:CHM00056172,"BARKAM, CH",31.9,102.23299999999999,TAVG,1.8
2020-01-23T00:00:00,GHCND:CHM00056172,"BARKAM, CH",31.9,102.23299999999999,TMAX,10.8
2020-01-23T00:00:00,GHCND:CHM00056172,"BARKAM, CH",31.9,102.23299999999999,TMIN,-6.7
2020-01-23T00:00:00,GHCND:CHM00056182,"SONGPAN, CH",32.65,103.56700000000001,PRCP,0.0
2020-01-23T00:00:00,GHCND:CHM00056182,"SONGPAN, CH",32.65,103.56700000000001,TAVG,-0.5
2020-01-23T00:00:00,GHCND:CHM00056182,"SONGPAN, CH",32.65,103.56700000000001,TMAX,7.2
2020-01-23T00:00:00,GHCND:CHM00056182,"SONGPAN, CH",32.65,103.56700000000001,TMIN,-9.9
2020-01-23T00:00:00,GHCND:CHM00056187,"WENJIANG, CH",30.75,103.867,PRCP,1.0
2020-01-23T00:00:00,GHCND:CHM00056187,"WENJIANG, CH",30.75,103.867,TAVG,8.3
2020-01-23T00:00:00,GHCND:CHM00056187,"WENJIANG, CH",30.75,103.867,TMAX,13.1
2020-01-23T00:00:00,GHCND:CHM00056187,"WENJIANG, CH",30.75,103.867,TMIN,6.3
2020-01-23T00:00:00,GHCND:CHM00056257,"LITANG, CH",30.0,100.26700000000001,PRCP,0.8
2020-01-23T00:00:00,GHCND:CHM00056257,"LITANG, CH",30.0,100.26700000000001,TAVG,-5.8
2020-01-23T00:00:00,GHCND:CHM00056257,"LITANG, CH",30.0,100.26700000000001,TMAX,0.4
2020-01-23T00:00:00,GHCND:CHM00056257,"LITANG, CH",30.0,100.26700000000001,TMIN,-12.1
2020-01-23T00:00:00,GHCND:CHM00056294,"CHENGDU, CH",30.666999999999998,104.01700000000001,TAVG,9.4
2020-01-23T00:00:00,GHCND:CHM00056444,"DEQEN, CH",28.45,98.883,PRCP,0.3
2020-01-23T00:00:00,GHCND:CHM00056444,"DEQEN, CH",28.45,98.883,TAVG,-3.4
2020-01-23T00:00:00,GHCND:CHM00056444,"DEQEN, CH",28.45,98.883,TMAX,0.8
2020-01-23T00:00:00,GHCND:CHM00056444,"DEQEN, CH",28.45,98.883,TMIN,-7.2
2020-01-23T00:00:00,GHCND:CHM00056462,"JIULONG, CH",29.0,101.5,TAVG,0.8
2020-01-23T00:00:00,GHCND:CHM00056462,"JIULONG, CH",29.0,101.5,TMAX,8.6
2020-01-23T00:00:00,GHCND:CHM00056462,"JIULONG, CH",29.0,101.5,TMIN,-5.4
2020-01-23T00:00:00,GHCND:CHM00056492,"YIBIN, CH",28.8,104.6,PRCP,0.0
2020-01-23T00:00:00,GHCND:CHM00056492,"YIBIN, CH",28.8,104.6,TAVG,10.8
2020-01-23T00:00:00,GHCND:CHM00056492,"YIBIN, CH",28.8,104.6,TMAX,15.7
2020-01-23T00:00:00,GHCND:CHM00056492,"YIBIN, CH",28.8,104.6,TMIN,7.9
2020-01-23T00:00:00,GHCND:CHM00056571,"XICHANG, CH",27.9,102.26700000000001,PRCP,0.0
2020-01-23T00:00:00,GHCND:CHM00056571,"XICHANG, CH",27.9,102.26700000000001,TAVG,12.7
2020-01-23T00:00:00,GHCND:CHM00056571,"XICHANG, CH",27.9,102.26700000000001,TMAX,21.2
2020-01-23T00:00:00,GHCND:CHM00056571,"XICHANG, CH",27.9,102.26700000000001,TMIN,6.4
2020-01-23T00:00:00,GHCND:CHM00056651,"LIJING, CH",26.833000000000002,100.46700000000001,PRCP,0.0
2020-01-23T00:00:00,GHCND:CHM00056651,"LIJING, CH",26.833000000000002,100.46700000000001,TAVG,6.3
2020-01-23T00:00:00,GHCND:CHM00056651,"LIJING, CH",26.833000000000002,100.46700000000001,TMAX,14.3
2020-01-23T00:00:00,GHCND:CHM00056651,"LIJING, CH",26.833000000000002,100.46700000000001,TMIN,-0.1
2020-01-23T00:00:00,GHCND:CHM00056671,"HUILI, CH",26.65,102.25,PRCP,0.0
2020-01-23T00:00:00,GHCND:CHM00056671,"HUILI, CH",26.65,102.25,TAVG,10.8
2020-01-23T00:00:00,GHCND:CHM00056671,"HUILI, CH",26.65,102.25,TMAX,19.7
2020-01-23T00:00:00,GHCND:CHM00056671,"HUILI, CH",26.65,102.25,TMIN,2.1
2020-01-23T00:00:00,GHCND:CHM00056739,"TENGCHONG, CH",25.116999999999997,98.48299999999999,PRCP,0.0
2020-01-23T00:00:00,GHCND:CHM00056739,"TENGCHONG, CH",25.116999999999997,98.48299999999999,TAVG,7.8
2020-01-23T00:00:00,GHCND:CHM00056739,"TENGCHONG, CH",25.116999999999997,98.48299999999999,TMAX,17.1
2020-01-23T00:00:00,GHCND:CHM00056739,"TENGCHONG, CH",25.116999999999997,98.48299999999999,TMIN,0.6
2020-01-23T00:00:00,GHCND:CHM00056768,"CHUXIONG, CH",25.017,101.51700000000001,PRCP,0.0
2020-01-23T00:00:00,GHCND:CHM00056768,"CHUXIONG, CH",25.017,101.51700000000001,TAVG,11.9
2020-01-23T00:00:00,GHCND:CHM00056768,"CHUXIONG, CH",25.017,101.51700000000001,TMAX,19.8
2020-01-23T00:00:00,GHCND:CHM00056768,"CHUXIONG, CH",25.017,101.51700000000001,TMIN,4.5
2020-01-23T00:00:00,GHCND:CHM00056778,"KUNMING, CH",25.017,102.68299999999999,PRCP,0.0
2020-01-23T00:00:00,GHCND:CHM00056778,"KUNMING, CH",25.017,102.68299999999999,TAVG,10.7
2020-01-23T00:00:00,GHCND:CHM00056778,"KUNMING, CH",25.017,102.68299999999999,TMAX,19.4
2020-01-23T00:00:00,GHCND:CHM00056778,"KUNMING, CH",25.017,102.68299999999999,TMIN,1.8
2020-01-23T00:00:00,GHCND:CHM00056951,"LINCANG, CH",23.95,100.21700000000001,PRCP,0.0
2020-01-23T00:00:00,GHCND:CHM00056951,"LINCANG, CH",23.95,100.21700000000001,TAVG,12.1
2020-01-23T00:00:00,GHCND:CHM00056951,"LINCANG, CH",23.95,100.21700000000001,TMAX,22.1
2020-01-23T00:00:00,GHCND:CHM00056951,"LINCANG, CH",23.95,100.21700000000001,TMIN,4.8
2020-01-23T00:00:00,GHCND:CHM00056954,"LANCANG, CH",22.566999999999997,99.93299999999999,PRCP,0.0
2020-01-23T00:00:00,GHCND:CHM00056954,"LANCANG, CH",22.566999999999997,99.93299999999999,TAVG,14.7
2020-01-23T00:00:00,GHCND:CHM00056954,"LANCANG, CH",22.566999999999997,99.93299999999999,TMAX,25.8
2020-01-23T00:00:00,GHCND:CHM00056954,"LANCANG, CH",22.566999999999997,99.93299999999999,TMIN,6.6
2020-01-23T00:00:00,GHCND:CHM00056964,"SIMAO, CH",22.767,100.98299999999999,PRCP,0.0
2020-01-23T00:00:00,GHCND:CHM00056964,"SIMAO, CH",22.767,100.98299999999999,TAVG,15.5
2020-01-23T00:00:00,GHCND:CHM00056964,"SIMAO, CH",22.767,100.98299999999999,TMAX,24.9
2020-01-23T00:00:00,GHCND:CHM00056964,"SIMAO, CH",22.767,100.98299999999999,TMIN,7.4
2020-01-23T00:00:00,GHCND:CHM00056985,"MENGZI, CH",23.383000000000003,103.383,PRCP,0.0
2020-01-23T00:00:00,GHCND:CHM00056985,"MENGZI, CH",23.383000000000003,103.383,TAVG,17.9
2020-01-23T00:00:00,GHCND:CHM00056985,"MENGZI, CH",23.383000000000003,103.383,TMAX,24.5
2020-01-23T00:00:00,GHCND:CHM00056985,"MENGZI, CH",23.383000000000003,103.383,TMIN,11.7
2020-01-23T00:00:00,GHCND:CHM00057014,"BEIDAO, CH",34.567,105.867,PRCP,0.0
2020-01-23T00:00:00,GHCND:CHM00057014,"BEIDAO, CH",34.567,105.867,TAVG,2.7
2020-01-23T00:00:00,GHCND:CHM00057014,"BEIDAO, CH",34.567,105.867,TMAX,9.6
2020-01-23T00:00:00,GHCND:CHM00057014,"BEIDAO, CH",34.567,105.867,TMIN,-1.8
2020-01-23T00:00:00,GHCND:CHM00057036,"XIAN, CH",34.3,108.93299999999999,TAVG,4.2
2020-01-23T00:00:00,GHCND:CHM00057067,"LUSHI, CH",34.05,111.03299999999999,PRCP,0.0
2020-01-23T00:00:00,GHCND:CHM00057067,"LUSHI, CH",34.05,111.03299999999999,TAVG,2.6
2020-01-23T00:00:00,GHCND:CHM00057067,"LUSHI, CH",34.05,111.03299999999999,TMAX,8.9
2020-01-23T00:00:00,GHCND:CHM00057067,"LUSHI, CH",34.05,111.03299999999999,TMIN,-3.2
2020-01-23T00:00:00,GHCND:CHM00057083,"ZHENGZHOU, CH",34.717,113.65,PRCP,0.0
2020-01-23T00:00:00,GHCND:CHM00057083,"ZHENGZHOU, CH",34.717,113.65,TAVG,3.8
2020-01-23T00:00:00,GHCND:CHM00057083,"ZHENGZHOU, CH",34.717,113.65,TMAX,8.1
2020-01-23T00:00:00,GHCND:CHM00057083,"ZHENGZHOU, CH",34.717,113.65,TMIN,-2.3
2020-01-23T00:00:00,GHCND:CHM00057127,"HANZHONG, CH",33.067,107.03299999999999,PRCP,0.0
2020-01-23T00:00:00,GHCND:CHM00057127,"HANZHONG, CH",33.067,107.03299999999999,TAVG,6.8
2020-01-23T00:00:00,GHCND:CHM00057127,"HANZHONG, CH",33.067,107.03299999999999,TMAX,13.0
2020-01-23T00:00:00,GHCND:CHM00057127,"HANZHONG, CH",33.067,107.03299999999999,TMIN,2.7
2020-01-23T00:00:00,GHCND:CHM00057131,"JINGHE, CH",34.433,108.96700000000001,PRCP,0.0
2020-01-23T00:00:00,GHCND:CHM00057131,"JINGHE, CH",34.433,108.96700000000001,TAVG,4.4
2020-01-23T00:00:00,GHCND:CHM00057131,"JINGHE, CH",34.433,108.96700000000001,TMAX,8.8
2020-01-23T00:00:00,GHCND:CHM00057131,"JINGHE, CH",34.433,108.96700000000001,TMIN,0.0
2020-01-23T00:00:00,GHCND:CHM00057237,"WANYUAN, CH",32.067,108.03299999999999,PRCP,0.0
2020-01-23T00:00:00,GHCND:CHM00057237,"WANYUAN, CH",32.067,108.03299999999999,TAVG,6.6
2020-01-23T00:00:00,GHCND:CHM00057237,"WANYUAN, CH",32.067,108.03299999999999,TMAX,12.7
2020-01-23T00:00:00,GHCND:CHM00057237,"WANYUAN, CH",32.067,108.03299999999999,TMIN,3.6
2020-01-23T00:00:00,GHCND:CHM00057265,"GUANGHUA, CH",32.383,111.667,PRCP,5.6
2020-01-23T00:00:00,GHCND:CHM00057265,"GUANGHUA, CH",32.383,111.667,TAVG,5.0
2020-01-23T00:00:00,GHCND:CHM00057265,"GUANGHUA, CH",32.383,111.667,TMAX,9.0
2020-01-23T00:00:00,GHCND:CHM00057265,"GUANGHUA, CH",32.383,111.667,TMIN,-1.7
2020-01-23T00:00:00,GHCND:CHM00057290,"ZHUMADIAN, CH",33.0,114.01700000000001,PRCP,0.0
2020-01-23T00:00:00,GHCND:CHM00057290,"ZHUMADIAN, CH",33.0,114.01700000000001,TAVG,4.4
2020-01-23T00:00:00,GHCND:CHM00057290,"ZHUMADIAN, CH",33.0,114.01700000000001,TMAX,7.5
2020-01-23T00:00:00,GHCND:CHM00057290,"ZHUMADIAN, CH",33.0,114.01700000000001,TMIN,0.0
2020-01-23T00:00:00,GHCND:CHM00057297,"XINYANG, CH",32.133,114.05,PRCP,1.8
2020-01-23T00:00:00,GHCND:CHM00057297,"XINYANG, CH",32.133,114.05,TAVG,6.0
2020-01-23T00:00:00,GHCND:CHM00057297,"XINYANG, CH",32.133,114.05,TMAX,7.1
2020-01-23T00:00:00,GHCND:CHM00057297,"XINYANG, CH",32.133,114.05,TMIN,2.0
2020-01-23T00:00:00,GHCND:CHM00057411,"NANCHONG, CH",30.8,106.083,PRCP,0.0
2020-01-23T00:00:00,GHCND:CHM00057411,"NANCHONG, CH",30.8,106.083,TAVG,9.4
2020-01-23T00:00:00,GHCND:CHM00057411,"NANCHONG, CH",30.8,106.083,TMAX,15.1
2020-01-23T00:00:00,GHCND:CHM00057411,"NANCHONG, CH",30.8,106.083,TMIN,6.9
2020-01-23T00:00:00,GHCND:CHM00057447,"ENSHI, CH",30.283,109.46700000000001,PRCP,2.3
2020-01-23T00:00:00,GHCND:CHM00057447,"ENSHI, CH",30.283,109.46700000000001,TAVG,8.2
2020-01-23T00:00:00,GHCND:CHM00057447,"ENSHI, CH",30.283,109.46700000000001,TMAX,11.4
2020-01-23T00:00:00,GHCND:CHM00057447,"ENSHI, CH",30.283,109.46700000000001,TMIN,7.4
2020-01-23T00:00:00,GHCND:CHM00057461,"YICHANG, CH",30.7,111.3,PRCP,0.8
2020-01-23T00:00:00,GHCND:CHM00057461,"YICHANG, CH",30.7,111.3,TAVG,6.6
2020-01-23T00:00:00,GHCND:CHM00057461,"YICHANG, CH",30.7,111.3,TMAX,8.1
2020-01-23T00:00:00,GHCND:CHM00057461,"YICHANG, CH",30.7,111.3,TMIN,5.1
2020-01-23T00:00:00,GHCND:CHM00057494,"WUHAN, CH",30.6,114.05,PRCP,3.3
2020-01-23T00:00:00,GHCND:CHM00057494,"WUHAN, CH",30.6,114.05,TAVG,7.3
2020-01-23T00:00:00,GHCND:CHM00057494,"WUHAN, CH",30.6,114.05,TMIN,4.1
2020-01-23T00:00:00,GHCND:CHM00057516,"CHONGQING, CH",29.583000000000002,106.46700000000001,PRCP,0.0
2020-01-23T00:00:00,GHCND:CHM00057516,"CHONGQING, CH",29.583000000000002,106.46700000000001,TAVG,10.4
2020-01-23T00:00:00,GHCND:CHM00057516,"CHONGQING, CH",29.583000000000002,106.46700000000001,TMAX,14.0
2020-01-23T00:00:00,GHCND:CHM00057633,"YOUYANG, CH",28.833000000000002,108.76700000000001,PRCP,5.6
2020-01-23T00:00:00,GHCND:CHM00057633,"YOUYANG, CH",28.833000000000002,108.76700000000001,TAVG,4.6
2020-01-23T00:00:00,GHCND:CHM00057633,"YOUYANG, CH",28.833000000000002,108.76700000000001,TMAX,7.4
2020-01-23T00:00:00,GHCND:CHM00057633,"YOUYANG, CH",28.833000000000002,108.76700000000001,TMIN,3.3
2020-01-23T00:00:00,GHCND:CHM00057662,"CHANGDE, CH",29.05,111.68299999999999,PRCP,17.8
2020-01-23T00:00:00,GHCND:CHM00057662,"CHANGDE, CH",29.05,111.68299999999999,TAVG,5.6
2020-01-23T00:00:00,GHCND:CHM00057662,"CHANGDE, CH",29.05,111.68299999999999,TMAX,7.6
2020-01-23T00:00:00,GHCND:CHM00057662,"CHANGDE, CH",29.05,111.68299999999999,TMIN,5.1
2020-01-23T00:00:00,GHCND:CHM00057687,"CHANGSHA, CH",28.233,112.867,PRCP,24.4
2020-01-23T00:00:00,GHCND:CHM00057687,"CHANGSHA, CH",28.233,112.867,SNWD,20.0
2020-01-23T00:00:00,GHCND:CHM00057687,"CHANGSHA, CH",28.233,112.867,TAVG,6.1
2020-01-23T00:00:00,GHCND:CHM00057687,"CHANGSHA, CH",28.233,112.867,TMAX,7.5
2020-01-23T00:00:00,GHCND:CHM00057687,"CHANGSHA, CH",28.233,112.867,TMIN,5.8
2020-01-23T00:00:00,GHCND:CHM00057707,"BIJIE, CH",27.3,105.23299999999999,PRCP,0.0
2020-01-23T00:00:00,GHCND:CHM00057707,"BIJIE, CH",27.3,105.23299999999999,TAVG,5.0
2020-01-23T00:00:00,GHCND:CHM00057707,"BIJIE, CH",27.3,105.23299999999999,TMAX,11.6
2020-01-23T00:00:00,GHCND:CHM00057707,"BIJIE, CH",27.3,105.23299999999999,TMIN,4.0
2020-01-23T00:00:00,GHCND:CHM00057745,"ZHIJIANG, CH",27.45,109.68299999999999,PRCP,12.2
2020-01-23T00:00:00,GHCND:CHM00057745,"ZHIJIANG, CH",27.45,109.68299999999999,TAVG,6.3
2020-01-23T00:00:00,GHCND:CHM00057745,"ZHIJIANG, CH",27.45,109.68299999999999,TMAX,8.8
2020-01-23T00:00:00,GHCND:CHM00057745,"ZHIJIANG, CH",27.45,109.68299999999999,TMIN,5.1
2020-01-23T00:00:00,GHCND:CHM00057799,"JIAN, CH",27.116999999999997,114.96700000000001,PRCP,0.0
2020-01-23T00:00:00,GHCND:CHM00057799,"JIAN, CH",27.116999999999997,114.96700000000001,TAVG,9.3
2020-01-23T00:00:00,GHCND:CHM00057799,"JIAN, CH",27.116999999999997,114.96700000000001,TMAX,15.9
2020-01-23T00:00:00,GHCND:CHM00057799,"JIAN, CH",27.116999999999997,114.96700000000001,TMIN,8.6
2020-01-23T00:00:00,GHCND:CHM00057816,"GUIYANG, CH",26.583000000000002,106.73299999999999,PRCP,0.3
2020-01-23T00:00:00,GHCND:CHM00057816,"GUIYANG, CH",26.583000000000002,106.73299999999999,TAVG,6.9
2020-01-23T00:00:00,GHCND:CHM00057816,"GUIYANG, CH",26.583000000000002,106.73299999999999,TMAX,15.4
2020-01-23T00:00:00,GHCND:CHM00057816,"GUIYANG, CH",26.583000000000002,106.73299999999999,TMIN,4.7
2020-01-23T00:00:00,GHCND:CHM00057866,"LINGLING, CH",26.233,111.617,PRCP,1.5
2020-01-23T00:00:00,GHCND:CHM00057866,"LINGLING, CH",26.233,111.617,TAVG,7.4
2020-01-23T00:00:00,GHCND:CHM00057866,"LINGLING, CH",26.233,111.617,TMAX,12.1
2020-01-23T00:00:00,GHCND:CHM00057866,"LINGLING, CH",26.233,111.617,TMIN,6.7
2020-01-23T00:00:00,GHCND:CHM00057902,"XINGREN, CH",25.433000000000003,105.18299999999999,PRCP,0.0
2020-01-23T00:00:00,GHCND:CHM00057902,"XINGREN, CH",25.433000000000003,105.18299999999999,TAVG,15.1
2020-01-23T00:00:00,GHCND:CHM00057902,"XINGREN, CH",25.433000000000003,105.18299999999999,TMAX,23.2
2020-01-23T00:00:00,GHCND:CHM00057902,"XINGREN, CH",25.433000000000003,105.18299999999999,TMIN,6.8
2020-01-23T00:00:00,GHCND:CHM00057957,"GUILIN, CH",25.333000000000002,110.3,PRCP,0.0
2020-01-23T00:00:00,GHCND:CHM00057957,"GUILIN, CH",25.333000000000002,110.3,TAVG,11.1
2020-01-23T00:00:00,GHCND:CHM00057957,"GUILIN, CH",25.333000000000002,110.3,TMAX,14.9
2020-01-23T00:00:00,GHCND:CHM00057993,"GANZHOU, CH",25.866999999999997,115.0,PRCP,0.0
2020-01-23T00:00:00,GHCND:CHM00057993,"GANZHOU, CH",25.866999999999997,115.0,TAVG,15.1
2020-01-23T00:00:00,GHCND:CHM00057993,"GANZHOU, CH",25.866999999999997,115.0,TMAX,25.7
2020-01-23T00:00:00,GHCND:CHM00057993,"GANZHOU, CH",25.866999999999997,115.0,TMIN,11.0
2020-01-23T00:00:00,GHCND:CHM00058027,"XUZHOU, CH",34.283,117.15,PRCP,0.0
2020-01-23T00:00:00,GHCND:CHM00058027,"XUZHOU, CH",34.283,117.15,TAVG,6.1
2020-01-23T00:00:00,GHCND:CHM00058027,"XUZHOU, CH",34.283,117.15,TMAX,10.3
2020-01-23T00:00:00,GHCND:CHM00058027,"XUZHOU, CH",34.283,117.15,TMIN,1.3
2020-01-23T00:00:00,GHCND:CHM00058040,"GANYU, CH",34.85,119.133,PRCP,0.0
2020-01-23T00:00:00,GHCND:CHM00058040,"GANYU, CH",34.85,119.133,TAVG,4.0
2020-01-23T00:00:00,GHCND:CHM00058040,"GANYU, CH",34.85,119.133,TMAX,9.1
2020-01-23T00:00:00,GHCND:CHM00058040,"GANYU, CH",34.85,119.133,TMIN,0.1
2020-01-23T00:00:00,GHCND:CHM00058102,"BOXIAN, CH",33.883,115.76700000000001,PRCP,0.0
2020-01-23T00:00:00,GHCND:CHM00058102,"BOXIAN, CH",33.883,115.76700000000001,TAVG,6.1
2020-01-23T00:00:00,GHCND:CHM00058102,"BOXIAN, CH",33.883,115.76700000000001,TMAX,8.9
2020-01-23T00:00:00,GHCND:CHM00058102,"BOXIAN, CH",33.883,115.76700000000001,TMIN,-2.3
2020-01-23T00:00:00,GHCND:CHM00058221,"BENGBU, CH",32.95,117.367,PRCP,0.0
2020-01-23T00:00:00,GHCND:CHM00058221,"BENGBU, CH",32.95,117.367,TAVG,7.2
2020-01-23T00:00:00,GHCND:CHM00058221,"BENGBU, CH",32.95,117.367,TMAX,10.0
2020-01-23T00:00:00,GHCND:CHM00058221,"BENGBU, CH",32.95,117.367,TMIN,1.9
2020-01-23T00:00:00,GHCND:CHM00058238,"NANJING, CH",31.933000000000003,118.9,PRCP,0.3
2020-01-23T00:00:00,GHCND:CHM00058238,"NANJING, CH",31.933000000000003,118.9,TAVG,8.0
2020-01-23T00:00:00,GHCND:CHM00058238,"NANJING, CH",31.933000000000003,118.9,TMAX,9.4
2020-01-23T00:00:00,GHCND:CHM00058238,"NANJING, CH",31.933000000000003,118.9,TMIN,6.6
2020-01-23T00:00:00,GHCND:CHM00058251,"DONGTAI, CH",32.85,120.28299999999999,PRCP,0.0
2020-01-23T00:00:00,GHCND:CHM00058251,"DONGTAI, CH",32.85,120.28299999999999,TAVG,7.5
2020-01-23T00:00:00,GHCND:CHM00058251,"DONGTAI, CH",32.85,120.28299999999999,TMAX,9.7
2020-01-23T00:00:00,GHCND:CHM00058251,"DONGTAI, CH",32.85,120.28299999999999,TMIN,5.9
2020-01-23T00:00:00,GHCND:CHM00058314,"HUOSHAN, CH",31.4,116.333,PRCP,6.6
2020-01-23T00:00:00,GHCND:CHM00058314,"HUOSHAN, CH",31.4,116.333,TAVG,6.9
2020-01-23T00:00:00,GHCND:CHM00058314,"HUOSHAN, CH",31.4,116.333,TMAX,7.5
2020-01-23T00:00:00,GHCND:CHM00058314,"HUOSHAN, CH",31.4,116.333,TMIN,4.6
2020-01-23T00:00:00,GHCND:CHM00058321,"HEFEI, CH",31.866999999999997,117.23299999999999,PRCP,1.0
2020-01-23T00:00:00,GHCND:CHM00058321,"HEFEI, CH",31.866999999999997,117.23299999999999,TAVG,7.2
2020-01-23T00:00:00,GHCND:CHM00058321,"HEFEI, CH",31.866999999999997,117.23299999999999,TMIN,3.6
2020-01-23T00:00:00,GHCND:CHM00058362,"SHANGHAI, CH",31.4,121.46700000000001,PRCP,24.4
2020-01-23T00:00:00,GHCND:CHM00058362,"SHANGHAI, CH",31.4,121.46700000000001,SNWD,10.0
2020-01-23T00:00:00,GHCND:CHM00058362,"SHANGHAI, CH",31.4,121.46700000000001,TAVG,9.1
2020-01-23T00:00:00,GHCND:CHM00058362,"SHANGHAI, CH",31.4,121.46700000000001,TMAX,11.0
2020-01-23T00:00:00,GHCND:CHM00058362,"SHANGHAI, CH",31.4,121.46700000000001,TMIN,8.0
2020-01-23T00:00:00,GHCND:CHM00058367,"SHANGHAI HONGQIAO, CH",31.166999999999998,121.43299999999999,TAVG,9.1
2020-01-23T00:00:00,GHCND:CHM00058424,"ANQING, CH",30.533,117.05,PRCP,8.1
2020-01-23T00:00:00,GHCND:CHM00058424,"ANQING, CH",30.533,117.05,TAVG,7.0
2020-01-23T00:00:00,GHCND:CHM00058424,"ANQING, CH",30.533,117.05,TMAX,7.8
2020-01-23T00:00:00,GHCND:CHM00058424,"ANQING, CH",30.533,117.05,TMIN,5.4
2020-01-23T00:00:00,GHCND:CHM00058457,"HANGZHOU, CH",30.233,120.167,PRCP,43.2
2020-01-23T00:00:00,GHCND:CHM00058457,"HANGZHOU, CH",30.233,120.167,TAVG,8.7
2020-01-23T00:00:00,GHCND:CHM00058457,"HANGZHOU, CH",30.233,120.167,TMIN,7.4
2020-01-23T00:00:00,GHCND:CHM00058477,"DINGHAI, CH",30.033,122.117,PRCP,3.3
2020-01-23T00:00:00,GHCND:CHM00058477,"DINGHAI, CH",30.033,122.117,TAVG,10.4
2020-01-23T00:00:00,GHCND:CHM00058477,"DINGHAI, CH",30.033,122.117,TMAX,17.3
2020-01-23T00:00:00,GHCND:CHM00058477,"DINGHAI, CH",30.033,122.117,TMIN,9.0
2020-01-23T00:00:00,GHCND:CHM00058527,"JINGDEZHEN, CH",29.3,117.2,PRCP,55.1
2020-01-23T00:00:00,GHCND:CHM00058527,"JINGDEZHEN, CH",29.3,117.2,TAVG,9.4
2020-01-23T00:00:00,GHCND:CHM00058527,"JINGDEZHEN, CH",29.3,117.2,TMAX,10.1
2020-01-23T00:00:00,GHCND:CHM00058527,"JINGDEZHEN, CH",29.3,117.2,TMIN,8.8
2020-01-23T00:00:00,GHCND:CHM00058606,"NANCHANG, CH",28.6,115.917,PRCP,55.6
2020-01-23T00:00:00,GHCND:CHM00058606,"NANCHANG, CH",28.6,115.917,SNWD,20.0
2020-01-23T00:00:00,GHCND:CHM00058606,"NANCHANG, CH",28.6,115.917,TAVG,7.9
2020-01-23T00:00:00,GHCND:CHM00058606,"NANCHANG, CH",28.6,115.917,TMAX,9.8
2020-01-23T00:00:00,GHCND:CHM00058606,"NANCHANG, CH",28.6,115.917,TMIN,7.0
2020-01-23T00:00:00,GHCND:CHM00058633,"QU XIAN, CH",28.967,118.867,PRCP,26.9
2020-01-23T00:00:00,GHCND:CHM00058633,"QU XIAN, CH",28.967,118.867,SNWD,20.0
2020-01-23T00:00:00,GHCND:CHM00058633,"QU XIAN, CH",28.967,118.867,TAVG,10.0
2020-01-23T00:00:00,GHCND:CHM00058633,"QU XIAN, CH",28.967,118.867,TMAX,16.3
2020-01-23T00:00:00,GHCND:CHM00058633,"QU XIAN, CH",28.967,118.867,TMIN,7.5
2020-01-23T00:00:00,GHCND:CHM00058715,"NANCHENG, CH",27.583000000000002,116.65,PRCP,0.0
2020-01-23T00:00:00,GHCND:CHM00058715,"NANCHENG, CH",27.583000000000002,116.65,TAVG,8.4
2020-01-23T00:00:00,GHCND:CHM00058715,"NANCHENG, CH",27.583000000000002,116.65,TMAX,21.8
2020-01-23T00:00:00,GHCND:CHM00058715,"NANCHENG, CH",27.583000000000002,116.65,TMIN,7.8
2020-01-23T00:00:00,GHCND:CHM00058752,"RUIAN, CH",27.783,120.65,PRCP,2.3
2020-01-23T00:00:00,GHCND:CHM00058752,"RUIAN, CH",27.783,120.65,TAVG,13.1
2020-01-23T00:00:00,GHCND:CHM00058752,"RUIAN, CH",27.783,120.65,TMAX,21.4
2020-01-23T00:00:00,GHCND:CHM00058752,"RUIAN, CH",27.783,120.65,TMIN,12.1
2020-01-23T00:00:00,GHCND:CHM00058834,"NANPING, CH",26.633000000000003,118.0,PRCP,0.0
2020-01-23T00:00:00,GHCND:CHM00058834,"NANPING, CH",26.633000000000003,118.0,TAVG,19.9
2020-01-23T00:00:00,GHCND:CHM00058834,"NANPING, CH",26.633000000000003,118.0,TMAX,26.9
2020-01-23T00:00:00,GHCND:CHM00058834,"NANPING, CH",26.633000000000003,118.0,TMIN,10.2
2020-01-23T00:00:00,GHCND:CHM00058847,"FUZHOU, CH",26.083000000000002,119.28299999999999,PRCP,0.5
2020-01-23T00:00:00,GHCND:CHM00058847,"FUZHOU, CH",26.083000000000002,119.28299999999999,TAVG,15.4
2020-01-23T00:00:00,GHCND:CHM00058847,"FUZHOU, CH",26.083000000000002,119.28299999999999,TMAX,22.1
2020-01-23T00:00:00,GHCND:CHM00058847,"FUZHOU, CH",26.083000000000002,119.28299999999999,TMIN,11.9
2020-01-23T00:00:00,GHCND:CHM00058921,"YONGAN, CH",25.967,117.35,PRCP,0.0
2020-01-23T00:00:00,GHCND:CHM00058921,"YONGAN, CH",25.967,117.35,TAVG,20.4
2020-01-23T00:00:00,GHCND:CHM00058921,"YONGAN, CH",25.967,117.35,TMAX,28.9
2020-01-23T00:00:00,GHCND:CHM00058921,"YONGAN, CH",25.967,117.35,TMIN,9.8
2020-01-23T00:00:00,GHCND:CHM00059023,"HECHI, CH",24.7,108.05,PRCP,0.0
2020-01-23T00:00:00,GHCND:CHM00059023,"HECHI, CH",24.7,108.05,TAVG,19.9
2020-01-23T00:00:00,GHCND:CHM00059023,"HECHI, CH",24.7,108.05,TMAX,24.8
2020-01-23T00:00:00,GHCND:CHM00059023,"HECHI, CH",24.7,108.05,TMIN,12.0
2020-01-23T00:00:00,GHCND:CHM00059082,"SHAOGUAN, CH",24.666999999999998,113.6,PRCP,0.0
2020-01-23T00:00:00,GHCND:CHM00059082,"SHAOGUAN, CH",24.666999999999998,113.6,TAVG,20.7
2020-01-23T00:00:00,GHCND:CHM00059082,"SHAOGUAN, CH",24.666999999999998,113.6,TMAX,26.1
2020-01-23T00:00:00,GHCND:CHM00059082,"SHAOGUAN, CH",24.666999999999998,113.6,TMIN,13.9
2020-01-23T00:00:00,GHCND:CHM00059134,"XIAMEN, CH",24.483,118.083,PRCP,0.0
2020-01-23T00:00:00,GHCND:CHM00059134,"XIAMEN, CH",24.483,118.083,TAVG,19.9
2020-01-23T00:00:00,GHCND:CHM00059134,"XIAMEN, CH",24.483,118.083,TMIN,14.7
2020-01-23T00:00:00,GHCND:CHM00059211,"BAISE, CH",23.9,106.6,PRCP,0.0
2020-01-23T00:00:00,GHCND:CHM00059211,"BAISE, CH",23.9,106.6,TAVG,22.9
2020-01-23T00:00:00,GHCND:CHM00059211,"BAISE, CH",23.9,106.6,TMAX,29.3
2020-01-23T00:00:00,GHCND:CHM00059211,"BAISE, CH",23.9,106.6,TMIN,15.1
2020-01-23T00:00:00,GHCND:CHM00059254,"GUIPING, CH",23.4,110.083,PRCP,0.0
2020-01-23T00:00:00,GHCND:CHM00059254,"GUIPING, CH",23.4,110.083,TAVG,22.0
2020-01-23T00:00:00,GHCND:CHM00059254,"GUIPING, CH",23.4,110.083,TMAX,25.3
2020-01-23T00:00:00,GHCND:CHM00059254,"GUIPING, CH",23.4,110.083,TMIN,18.5
2020-01-23T00:00:00,GHCND:CHM00059265,"WUZHOU, CH",23.483,111.3,PRCP,0.0
2020-01-23T00:00:00,GHCND:CHM00059265,"WUZHOU, CH",23.483,111.3,TAVG,22.2
2020-01-23T00:00:00,GHCND:CHM00059265,"WUZHOU, CH",23.483,111.3,TMAX,27.1
2020-01-23T00:00:00,GHCND:CHM00059265,"WUZHOU, CH",23.483,111.3,TMIN,16.6
2020-01-23T00:00:00,GHCND:CHM00059287,"GUANGZHOU, CH",23.217,113.48299999999999,PRCP,0.0
2020-01-23T00:00:00,GHCND:CHM00059287,"GUANGZHOU, CH",23.217,113.48299999999999,TAVG,23.0
2020-01-23T00:00:00,GHCND:CHM00059287,"GUANGZHOU, CH",23.217,113.48299999999999,TMIN,16.4
2020-01-23T00:00:00,GHCND:CHM00059293,"HEYUAN, CH",23.8,114.73299999999999,PRCP,0.0
2020-01-23T00:00:00,GHCND:CHM00059293,"HEYUAN, CH",23.8,114.73299999999999,TAVG,23.2
2020-01-23T00:00:00,GHCND:CHM00059293,"HEYUAN, CH",23.8,114.73299999999999,TMAX,28.8
2020-01-23T00:00:00,GHCND:CHM00059293,"HEYUAN, CH",23.8,114.73299999999999,TMIN,16.2
2020-01-23T00:00:00,GHCND:CHM00059316,"SHANTOU, CH",23.4,116.68299999999999,PRCP,0.0
2020-01-23T00:00:00,GHCND:CHM00059316,"SHANTOU, CH",23.4,116.68299999999999,TAVG,21.6
2020-01-23T00:00:00,GHCND:CHM00059316,"SHANTOU, CH",23.4,116.68299999999999,TMIN,17.3
2020-01-23T00:00:00,GHCND:CHM00059417,"LONGZHOU, CH",22.366999999999997,106.75,PRCP,0.3
2020-01-23T00:00:00,GHCND:CHM00059417,"LONGZHOU, CH",22.366999999999997,106.75,TAVG,22.1
2020-01-23T00:00:00,GHCND:CHM00059417,"LONGZHOU, CH",22.366999999999997,106.75,TMAX,27.3
2020-01-23T00:00:00,GHCND:CHM00059417,"LONGZHOU, CH",22.366999999999997,106.75,TMIN,15.4
2020-01-23T00:00:00,GHCND:CHM00059431,"NANNING, CH",22.633000000000003,108.21700000000001,PRCP,0.0
2020-01-23T00:00:00,GHCND:CHM00059431,"NANNING, CH",22.633000000000003,108.21700000000001,TAVG,21.3
2020-01-23T00:00:00,GHCND:CHM00059431,"NANNING, CH",22.633000000000003,108.21700000000001,TMIN,17.4
2020-01-23T00:00:00,GHCND:CHM00059501,"SHANWEI, CH",22.783,115.367,PRCP,0.0
2020-01-23T00:00:00,GHCND:CHM00059501,"SHANWEI, CH",22.783,115.367,TAVG,22.3
2020-01-23T00:00:00,GHCND:CHM00059501,"SHANWEI, CH",22.783,115.367,TMAX,26.0
2020-01-23T00:00:00,GHCND:CHM00059501,"SHANWEI, CH",22.783,115.367,TMIN,18.0
2020-01-23T00:00:00,GHCND:CHM00059632,"QINZHOU, CH",21.95,108.617,PRCP,0.0
2020-01-23T00:00:00,GHCND:CHM00059632,"QINZHOU, CH",21.95,108.617,TAVG,21.6
2020-01-23T00:00:00,GHCND:CHM00059632,"QINZHOU, CH",21.95,108.617,TMAX,26.6
2020-01-23T00:00:00,GHCND:CHM00059632,"QINZHOU, CH",21.95,108.617,TMIN,19.0
2020-01-23T00:00:00,GHCND:CHM00059663,"YANGJIANG, CH",21.866999999999997,111.96700000000001,PRCP,0.0
2020-01-23T00:00:00,GHCND:CHM00059663,"YANGJIANG, CH",21.866999999999997,111.96700000000001,TAVG,21.6
2020-01-23T00:00:00,GHCND:CHM00059663,"YANGJIANG, CH",21.866999999999997,111.96700000000001,TMAX,25.8
2020-01-23T00:00:00,GHCND:CHM00059663,"YANGJIANG, CH",21.866999999999997,111.96700000000001,TMIN,18.5
2020-01-23T00:00:00,GHCND:CHM00059758,"HAIKOU, CH",20.0,110.25,TAVG,23.7
2020-01-23T00:00:00,GHCND:CHM00059758,"HAIKOU, CH",20.0,110.25,TMAX,27.5
2020-01-23T00:00:00,GHCND:CHM00059758,"HAIKOU, CH",20.0,110.25,TMIN,20.5
2020-01-23T00:00:00,GHCND:CHM00059855,"QIONGHAI, CH",19.233,110.46700000000001,PRCP,0.0
2020-01-23T00:00:00,GHCND:CHM00059855,"QIONGHAI, CH",19.233,110.46700000000001,TAVG,22.9
2020-01-23T00:00:00,GHCND:CHM00059855,"QIONGHAI, CH",19.233,110.46700000000001,TMAX,26.9
2020-01-23T00:00:00,GHCND:CHM00059855,"QIONGHAI, CH",19.233,110.46700000000001,TMIN,18.9
2020-01-23T00:00:00,GHCND:CHM00059948,"SANYA, CH",18.217,109.583,PRCP,0.0
2020-01-23T00:00:00,GHCND:CHM00059948,"SANYA, CH",18.217,109.583,TAVG,21.0
2020-01-23T00:00:00,GHCND:CHM00059948,"SANYA, CH",18.217,109.583,TMAX,24.5
2020-01-23T00:00:00,GHCND:CHM00059948,"SANYA, CH",18.217,109.583,TMIN,18.5
2020-01-23T00:00:00,GHCND:CHM00059981,"XISHA DAO, CH",16.833,112.333,PRCP,0.0
2020-01-23T00:00:00,GHCND:CHM00059981,"XISHA DAO, CH",16.833,112.333,TAVG,25.1
2020-01-23T00:00:00,GHCND:CHM00059981,"XISHA DAO, CH",16.833,112.333,TMAX,27.7
2020-01-23T00:00:00,GHCND:CHM00059981,"XISHA DAO, CH",16.833,112.333,TMIN,22.1
2020-01-23T00:00:00,GHCND:MCM00045011,"MACAU INTERNATIONAL, CH",22.15,113.59200000000001,PRCP,0.0
2020-01-23T00:00:00,GHCND:MCM00045011,"MACAU INTERNATIONAL, CH",22.15,113.59200000000001,TAVG,20.8
2020-01-23T00:00:00,GHCND:MCM00045011,"MACAU INTERNATIONAL, CH",22.15,113.59200000000001,TMAX,24.6
2020-01-23T00:00:00,GHCND:MCM00045011,"MACAU INTERNATIONAL, CH",22.15,113.59200000000001,TMIN,19.1
2020-01-23T00:00:00,GHCND:RSM00031510,"BLAGOVESCENSK, CH",50.25,127.5,PRCP,1.8
2020-01-23T00:00:00,GHCND:RSM00031510,"BLAGOVESCENSK, CH",50.25,127.5,SNWD,109.0
2020-01-23T00:00:00,GHCND:RSM00031510,"BLAGOVESCENSK, CH",50.25,127.5,TAVG,-16.6
2020-01-23T00:00:00,GHCND:RSM00031510,"BLAGOVESCENSK, CH",50.25,127.5,TMAX,-11.7
2020-01-23T00:00:00,GHCND:RSM00031510,"BLAGOVESCENSK, CH",50.25,127.5,TMIN,-23.7
