<?xml version="1.0" encoding="UTF-8"?>
<metadata xml:lang="zh"><Esri><CreaDate>20230131</CreaDate><CreaTime>01390300</CreaTime><ArcGISFormat>1.0</ArcGISFormat><SyncOnce>TRUE</SyncOnce><DataProperties><lineage><Process ToolSource="c:\program files (x86)\arcgis\desktop10.6\ArcToolbox\Toolboxes\Data Management Tools.tbx\CalculateField" Date="20230131" Time="012712">CalculateField 2021年\2021年地级 year 2020 VB #</Process><Process ToolSource="e:\program files\arcgis\desktop\desktop10.6\ArcToolbox\Toolboxes\Data Management Tools.tbx\CalculateField" Date="20230208" Time="234323">CalculateField 2020年\2020年地级 曾用名 "日喀则地区" VB #</Process><Process ToolSource="e:\program files\arcgis\desktop\desktop10.6\ArcToolbox\Toolboxes\Data Management Tools.tbx\CalculateField" Date="20230208" Time="234328">CalculateField 2020年\2020年地级 备注 "2013年撤销日喀则地区，设立日喀则市" VB #</Process><Process ToolSource="e:\program files\arcgis\desktop\desktop10.6\ArcToolbox\Toolboxes\Data Management Tools.tbx\CalculateField" Date="20230212" Time="031317">CalculateField 2020年\2020年地级 year 2020 VB #</Process><Process ToolSource="e:\program files\arcgis\desktop\desktop10.6\ArcToolbox\Toolboxes\Data Management Tools.tbx\CalculateField" Date="20230212" Time="173010">CalculateField 2020年\2020年地级 曾用名 "昌都地区" VB #</Process><Process ToolSource="e:\program files\arcgis\desktop\desktop10.6\ArcToolbox\Toolboxes\Data Management Tools.tbx\CalculateField" Date="20230212" Time="173016">CalculateField 2020年\2020年地级 备注 "2013年撤销昌都地区，设立昌都市" VB #</Process><Process ToolSource="e:\program files\arcgis\desktop\desktop10.6\ArcToolbox\Toolboxes\Data Management Tools.tbx\CalculateField" Date="20230212" Time="173725">CalculateField 2020年\2020年地级 备注 "2014年撤销昌都地区，设立昌都市" VB #</Process></lineage></DataProperties></Esri></metadata>
