<?xml version="1.0" encoding="UTF-8"?>
<metadata xml:lang="zh"><Esri><CreaDate>20230131</CreaDate><CreaTime>01384900</CreaTime><ArcGISFormat>1.0</ArcGISFormat><SyncOnce>TRUE</SyncOnce><DataProperties><lineage><Process ToolSource="c:\program files (x86)\arcgis\desktop10.6\ArcToolbox\Toolboxes\Data Management Tools.tbx\CalculateField" Date="20230131" Time="012700">CalculateField 2021年\2021年县级 year 2020 VB #</Process><Process ToolSource="e:\program files\arcgis\desktop\desktop10.6\ArcToolbox\Toolboxes\Data Management Tools.tbx\CalculateField" Date="20230203" Time="223309">CalculateField 2020年\2020年县级 曾用名 "从化市" VB #</Process><Process ToolSource="e:\program files\arcgis\desktop\desktop10.6\ArcToolbox\Toolboxes\Data Management Tools.tbx\CalculateField" Date="20230203" Time="223314">CalculateField 2020年\2020年县级 备注 "2013年撤销从化市，设立从化区" VB #</Process><Process ToolSource="e:\program files\arcgis\desktop\desktop10.6\ArcToolbox\Toolboxes\Data Management Tools.tbx\CalculateField" Date="20230203" Time="223649">CalculateField 2020年\2020年县级 曾用名 "增城市" VB #</Process><Process ToolSource="e:\program files\arcgis\desktop\desktop10.6\ArcToolbox\Toolboxes\Data Management Tools.tbx\CalculateField" Date="20230203" Time="223654">CalculateField 2020年\2020年县级 备注 "2013年撤销增城市，设立增城区" VB #</Process><Process ToolSource="e:\program files\arcgis\desktop\desktop10.6\ArcToolbox\Toolboxes\Data Management Tools.tbx\CalculateField" Date="20230203" Time="230024">CalculateField 2020年\2020年县级 备注 "2013年萝岗区并入黄埔区" VB #</Process><Process ToolSource="e:\program files\arcgis\desktop\desktop10.6\ArcToolbox\Toolboxes\Data Management Tools.tbx\CalculateField" Date="20230203" Time="235854">CalculateField 2020年\2020年县级 曾用名 "云安县" VB #</Process><Process ToolSource="e:\program files\arcgis\desktop\desktop10.6\ArcToolbox\Toolboxes\Data Management Tools.tbx\CalculateField" Date="20230203" Time="235858">CalculateField 2020年\2020年县级 备注 "2013年撤销云安县，设立云安区" VB #</Process><Process ToolSource="e:\program files\arcgis\desktop\desktop10.6\ArcToolbox\Toolboxes\Data Management Tools.tbx\CalculateField" Date="20230204" Time="000856">CalculateField 2020年\2020年县级 曾用名 "阳东县" VB #</Process><Process ToolSource="e:\program files\arcgis\desktop\desktop10.6\ArcToolbox\Toolboxes\Data Management Tools.tbx\CalculateField" Date="20230204" Time="000901">CalculateField 2020年\2020年县级 备注 "2013年撤销阳东县，设立阳东区" VB #</Process><Process ToolSource="e:\program files\arcgis\desktop\desktop10.6\ArcToolbox\Toolboxes\Data Management Tools.tbx\CalculateField" Date="20230204" Time="010621">CalculateField 2020年\2020年县级 备注 "撤销茂港区、电白县，新设电白区" VB #</Process><Process ToolSource="e:\program files\arcgis\desktop\desktop10.6\ArcToolbox\Toolboxes\Data Management Tools.tbx\CalculateField" Date="20230204" Time="015200">CalculateField 2020年\2020年县级 曾用名 "文登市" VB #</Process><Process ToolSource="e:\program files\arcgis\desktop\desktop10.6\ArcToolbox\Toolboxes\Data Management Tools.tbx\CalculateField" Date="20230204" Time="015206">CalculateField 2020年\2020年县级 备注 "2013年撤销文登市，新设文登市" VB #</Process><Process ToolSource="e:\program files\arcgis\desktop\desktop10.6\ArcToolbox\Toolboxes\Data Management Tools.tbx\CalculateField" Date="20230204" Time="225401">CalculateField 2020年\2020年县级 曾用名 "沾化县" VB #</Process><Process ToolSource="e:\program files\arcgis\desktop\desktop10.6\ArcToolbox\Toolboxes\Data Management Tools.tbx\CalculateField" Date="20230204" Time="225406">CalculateField 2020年\2020年县级 备注 "2013年撤销沾化县，设立沾化区" VB #</Process><Process ToolSource="e:\program files\arcgis\desktop\desktop10.6\ArcToolbox\Toolboxes\Data Management Tools.tbx\CalculateField" Date="20230204" Time="230540">CalculateField 2020年\2020年县级 曾用名 "陵县" VB #</Process><Process ToolSource="e:\program files\arcgis\desktop\desktop10.6\ArcToolbox\Toolboxes\Data Management Tools.tbx\CalculateField" Date="20230204" Time="230553">CalculateField 2020年\2020年县级 备注 "2013年撤销陵县，设立陵城区" VB #</Process><Process ToolSource="e:\program files\arcgis\desktop\desktop10.6\ArcToolbox\Toolboxes\Data Management Tools.tbx\CalculateField" Date="20230204" Time="231437">CalculateField 2020年\2020年县级 曾用名 "苍山县" VB #</Process><Process ToolSource="e:\program files\arcgis\desktop\desktop10.6\ArcToolbox\Toolboxes\Data Management Tools.tbx\CalculateField" Date="20230204" Time="231442">CalculateField 2020年\2020年县级 备注 "2013年更名为兰陵县" VB #</Process><Process ToolSource="e:\program files\arcgis\desktop\desktop10.6\ArcToolbox\Toolboxes\Data Management Tools.tbx\CalculateField" Date="20230204" Time="232703">CalculateField 2020年\2020年县级 曾用名 "双城市" VB #</Process><Process ToolSource="e:\program files\arcgis\desktop\desktop10.6\ArcToolbox\Toolboxes\Data Management Tools.tbx\CalculateField" Date="20230204" Time="232707">CalculateField 2020年\2020年县级 备注 "2013年撤销双城市，设立双城区" VB #</Process><Process ToolSource="e:\program files\arcgis\desktop\desktop10.6\ArcToolbox\Toolboxes\Data Management Tools.tbx\CalculateField" Date="20230204" Time="233250">CalculateField 2020年\2020年县级 曾用名 "赣榆县" VB #</Process><Process ToolSource="e:\program files\arcgis\desktop\desktop10.6\ArcToolbox\Toolboxes\Data Management Tools.tbx\CalculateField" Date="20230204" Time="233255">CalculateField 2020年\2020年县级 备注 "2013年撤销赣榆县，设立赣榆区" VB #</Process><Process ToolSource="e:\program files\arcgis\desktop\desktop10.6\ArcToolbox\Toolboxes\Data Management Tools.tbx\CalculateField" Date="20230204" Time="235715">CalculateField 2020年\2020年县级 曾用名 "建阳市" VB #</Process><Process ToolSource="e:\program files\arcgis\desktop\desktop10.6\ArcToolbox\Toolboxes\Data Management Tools.tbx\CalculateField" Date="20230204" Time="235719">CalculateField 2020年\2020年县级 备注 "2013年撤销建阳市，设立建阳区" VB #</Process><Process ToolSource="e:\program files\arcgis\desktop\desktop10.6\ArcToolbox\Toolboxes\Data Management Tools.tbx\CalculateField" Date="20230205" Time="000357">CalculateField 2020年\2020年县级 曾用名 "永定县" VB #</Process><Process ToolSource="e:\program files\arcgis\desktop\desktop10.6\ArcToolbox\Toolboxes\Data Management Tools.tbx\CalculateField" Date="20230205" Time="000402">CalculateField 2020年\2020年县级 备注 "2013年撤销永定县，设立永定区" VB #</Process><Process ToolSource="e:\program files\arcgis\desktop\desktop10.6\ArcToolbox\Toolboxes\Data Management Tools.tbx\CalculateField" Date="20230207" Time="220031">CalculateField 2020年\2020年县级 曾用名 "铜梁县" VB #</Process><Process ToolSource="e:\program files\arcgis\desktop\desktop10.6\ArcToolbox\Toolboxes\Data Management Tools.tbx\CalculateField" Date="20230207" Time="220036">CalculateField 2020年\2020年县级 备注 "2013年撤销铜梁县，设立铜梁区" VB #</Process><Process ToolSource="e:\program files\arcgis\desktop\desktop10.6\ArcToolbox\Toolboxes\Data Management Tools.tbx\CalculateField" Date="20230207" Time="223219">CalculateField 2020年\2020年县级 曾用名 "璧山县" VB #</Process><Process ToolSource="e:\program files\arcgis\desktop\desktop10.6\ArcToolbox\Toolboxes\Data Management Tools.tbx\CalculateField" Date="20230207" Time="223224">CalculateField 2020年\2020年县级 备注 "2013年撤销璧山县，设立璧山区" VB #</Process><Process ToolSource="e:\program files\arcgis\desktop\desktop10.6\ArcToolbox\Toolboxes\Data Management Tools.tbx\CalculateField" Date="20230207" Time="224052">CalculateField 2020年\2020年县级 曾用名 "郧县" VB #</Process><Process ToolSource="e:\program files\arcgis\desktop\desktop10.6\ArcToolbox\Toolboxes\Data Management Tools.tbx\CalculateField" Date="20230207" Time="224056">CalculateField 2020年\2020年县级 备注 "2013年撤销郧县，设立郧阳区" VB #</Process><Process ToolSource="e:\program files\arcgis\desktop\desktop10.6\ArcToolbox\Toolboxes\Data Management Tools.tbx\CalculateField" Date="20230207" Time="224517">CalculateField 2020年\2020年县级 曾用名 "开封县" VB #</Process><Process ToolSource="e:\program files\arcgis\desktop\desktop10.6\ArcToolbox\Toolboxes\Data Management Tools.tbx\CalculateField" Date="20230207" Time="224630">CalculateField 2020年\2020年县级 备注 "2013年撤销开封县，设立祥符区" VB #</Process><Process ToolSource="e:\program files\arcgis\desktop\desktop10.6\ArcToolbox\Toolboxes\Data Management Tools.tbx\CalculateField" Date="20230207" Time="230700">CalculateField 2020年\2020年县级 备注 "2013年撤销金明区，并入龙亭区" VB #</Process><Process ToolSource="e:\program files\arcgis\desktop\desktop10.6\ArcToolbox\Toolboxes\Data Management Tools.tbx\CalculateField" Date="20230207" Time="231403">CalculateField 2020年\2020年县级 曾用名 "藁城市" VB #</Process><Process ToolSource="e:\program files\arcgis\desktop\desktop10.6\ArcToolbox\Toolboxes\Data Management Tools.tbx\CalculateField" Date="20230207" Time="231521">CalculateField 2020年\2020年县级 备注 "2013年撤销藁城市，设立藁城区" VB #</Process><Process ToolSource="e:\program files\arcgis\desktop\desktop10.6\ArcToolbox\Toolboxes\Data Management Tools.tbx\CalculateField" Date="20230207" Time="232239">CalculateField 2020年\2020年县级 曾用名 "鹿泉市" VB #</Process><Process ToolSource="e:\program files\arcgis\desktop\desktop10.6\ArcToolbox\Toolboxes\Data Management Tools.tbx\CalculateField" Date="20230207" Time="232351">CalculateField 2020年\2020年县级 备注 "2013年撤销鹿泉市，设立鹿泉区" VB #</Process><Process ToolSource="e:\program files\arcgis\desktop\desktop10.6\ArcToolbox\Toolboxes\Data Management Tools.tbx\CalculateField" Date="20230207" Time="232635">CalculateField 2020年\2020年县级 曾用名 "栾城县" VB #</Process><Process ToolSource="e:\program files\arcgis\desktop\desktop10.6\ArcToolbox\Toolboxes\Data Management Tools.tbx\CalculateField" Date="20230207" Time="232737">CalculateField 2020年\2020年县级 备注 "2013年撤销栾城县，设立栾城区" VB #</Process><Process ToolSource="e:\program files\arcgis\desktop\desktop10.6\ArcToolbox\Toolboxes\Data Management Tools.tbx\CalculateField" Date="20230208" Time="000031">CalculateField 2020年\2020年县级 曾用名 "彭山县" VB #</Process><Process ToolSource="e:\program files\arcgis\desktop\desktop10.6\ArcToolbox\Toolboxes\Data Management Tools.tbx\CalculateField" Date="20230208" Time="000141">CalculateField 2020年\2020年县级 备注 "2013年撤销彭山县，设立彭山区" VB #</Process><Process ToolSource="e:\program files\arcgis\desktop\desktop10.6\ArcToolbox\Toolboxes\Data Management Tools.tbx\CalculateField" Date="20230208" Time="000727">CalculateField 2020年\2020年县级 曾用名 "九台市" VB #</Process><Process ToolSource="e:\program files\arcgis\desktop\desktop10.6\ArcToolbox\Toolboxes\Data Management Tools.tbx\CalculateField" Date="20230208" Time="001015">CalculateField 2020年\2020年县级 备注 "2013年撤销九台市，设立九台区" VB #</Process><Process ToolSource="e:\program files\arcgis\desktop\desktop10.6\ArcToolbox\Toolboxes\Data Management Tools.tbx\CalculateField" Date="20230208" Time="001504">CalculateField 2020年\2020年县级 曾用名 "富阳市" VB #</Process><Process ToolSource="e:\program files\arcgis\desktop\desktop10.6\ArcToolbox\Toolboxes\Data Management Tools.tbx\CalculateField" Date="20230208" Time="001610">CalculateField 2020年\2020年县级 备注 "2013年撤销富阳市，设立富阳区" VB #</Process><Process ToolSource="e:\program files\arcgis\desktop\desktop10.6\ArcToolbox\Toolboxes\Data Management Tools.tbx\CalculateField" Date="20230208" Time="002030">CalculateField 2020年\2020年县级 曾用名 "高陵县" VB #</Process><Process ToolSource="e:\program files\arcgis\desktop\desktop10.6\ArcToolbox\Toolboxes\Data Management Tools.tbx\CalculateField" Date="20230208" Time="002236">CalculateField 2020年\2020年县级 备注 "2013年撤销高陵县，设立高陵区" VB #</Process><Process ToolSource="e:\program files\arcgis\desktop\desktop10.6\ArcToolbox\Toolboxes\Data Management Tools.tbx\CalculateField" Date="20230208" Time="002735">CalculateField 2020年\2020年县级 曾用名 "平坝县" VB #</Process><Process ToolSource="e:\program files\arcgis\desktop\desktop10.6\ArcToolbox\Toolboxes\Data Management Tools.tbx\CalculateField" Date="20230208" Time="002844">CalculateField 2020年\2020年县级 备注 "2013年撤销平坝县，设立平坝区" VB #</Process><Process ToolSource="e:\program files\arcgis\desktop\desktop10.6\ArcToolbox\Toolboxes\Data Management Tools.tbx\CalculateField" Date="20230208" Time="235215">CalculateField 2020年\2020年县级 曾用名 "日喀则市" VB #</Process><Process ToolSource="e:\program files\arcgis\desktop\desktop10.6\ArcToolbox\Toolboxes\Data Management Tools.tbx\CalculateField" Date="20230208" Time="235219">CalculateField 2020年\2020年县级 备注 "2013年撤销日喀则市，设立桑珠孜区" VB #</Process><Process ToolSource="e:\program files\arcgis\desktop\desktop10.6\ArcToolbox\Toolboxes\Data Management Tools.tbx\CalculateField" Date="20230209" Time="002121">CalculateField 2020年\2020年县级 备注 "2014年新设图木舒克市，省直管,是县级单位" VB #</Process><Process ToolSource="e:\program files\arcgis\desktop\desktop10.6\ArcToolbox\Toolboxes\Data Management Tools.tbx\CalculateField" Date="20230209" Time="002830">CalculateField 2020年\2020年县级 备注 "2014年新设双河市，省直管,是县级单位" VB #</Process><Process ToolSource="e:\program files\arcgis\desktop\desktop10.6\ArcToolbox\Toolboxes\Data Management Tools.tbx\CalculateField" Date="20230209" Time="003251">CalculateField 2020年\2020年县级 备注 "2014年新设霍尔果斯市" VB #</Process><Process ToolSource="e:\program files\arcgis\desktop\desktop10.6\ArcToolbox\Toolboxes\Data Management Tools.tbx\CalculateField" Date="20230209" Time="234022">CalculateField 2020年\2020年县级 曾用名 "崖城镇" VB #</Process><Process ToolSource="e:\program files\arcgis\desktop\desktop10.6\ArcToolbox\Toolboxes\Data Management Tools.tbx\CalculateField" Date="20230209" Time="234230">CalculateField 2020年\2020年县级 备注 "2014年撤销崖城镇，新设崖州区" VB #</Process><Process ToolSource="e:\program files\arcgis\desktop\desktop10.6\ArcToolbox\Toolboxes\Data Management Tools.tbx\CalculateField" Date="20230209" Time="234405">CalculateField 2020年\2020年县级 备注 "2014年新设天涯区" VB #</Process><Process ToolSource="e:\program files\arcgis\desktop\desktop10.6\ArcToolbox\Toolboxes\Data Management Tools.tbx\CalculateField" Date="20230209" Time="234556">CalculateField 2020年\2020年县级 曾用名 "吉阳镇" VB #</Process><Process ToolSource="e:\program files\arcgis\desktop\desktop10.6\ArcToolbox\Toolboxes\Data Management Tools.tbx\CalculateField" Date="20230209" Time="234700">CalculateField 2020年\2020年县级 备注 "2014年撤销吉阳镇，新设吉阳区" VB #</Process><Process ToolSource="e:\program files\arcgis\desktop\desktop10.6\ArcToolbox\Toolboxes\Data Management Tools.tbx\CalculateField" Date="20230209" Time="234826">CalculateField 2020年\2020年县级 曾用名 "海棠湾镇" VB #</Process><Process ToolSource="e:\program files\arcgis\desktop\desktop10.6\ArcToolbox\Toolboxes\Data Management Tools.tbx\CalculateField" Date="20230209" Time="234938">CalculateField 2020年\2020年县级 备注 "2014年撤销海棠湾镇，新设海棠区 " VB #</Process><Process ToolSource="e:\program files\arcgis\desktop\desktop10.6\ArcToolbox\Toolboxes\Data Management Tools.tbx\CalculateField" Date="20230209" Time="235424">CalculateField 2020年\2020年县级 曾用名 "东陵区 " VB #</Process><Process ToolSource="e:\program files\arcgis\desktop\desktop10.6\ArcToolbox\Toolboxes\Data Management Tools.tbx\CalculateField" Date="20230209" Time="235549">CalculateField 2020年\2020年县级 备注 "2013年东陵区更名为浑南区" VB #</Process><Process ToolSource="e:\program files\arcgis\desktop\desktop10.6\ArcToolbox\Toolboxes\Data Management Tools.tbx\CalculateField" Date="20230209" Time="235635">CalculateField 2020年\2020年县级 备注 "2014年东陵区更名为浑南区" VB #</Process><Process ToolSource="e:\program files\arcgis\desktop\desktop10.6\ArcToolbox\Toolboxes\Data Management Tools.tbx\CalculateField" Date="20230210" Time="000922">CalculateField 2020年\2020年县级 曾用名 "香格里拉县" VB #</Process><Process ToolSource="e:\program files\arcgis\desktop\desktop10.6\ArcToolbox\Toolboxes\Data Management Tools.tbx\CalculateField" Date="20230210" Time="001122">CalculateField 2020年\2020年县级 备注 "2013年撤销香格里拉县，设立香格里拉市" VB #</Process><Process ToolSource="e:\program files\arcgis\desktop\desktop10.6\ArcToolbox\Toolboxes\Data Management Tools.tbx\CalculateField" Date="20230212" Time="031302">CalculateField 2020年\2020年县级 year 2020 VB #</Process><Process ToolSource="e:\program files\arcgis\desktop\desktop10.6\ArcToolbox\Toolboxes\Data Management Tools.tbx\CalculateField" Date="20230212" Time="173457">CalculateField 2020年\2020年县级 曾用名 "昌都县" VB #</Process><Process ToolSource="e:\program files\arcgis\desktop\desktop10.6\ArcToolbox\Toolboxes\Data Management Tools.tbx\CalculateField" Date="20230212" Time="173502">CalculateField 2020年\2020年县级 备注 "2014年撤销昌都县，设立卡若区" VB #</Process></lineage></DataProperties></Esri></metadata>
